userId,movieId,tag,timestamp,datetime,tag_clean
2,60756,funny,1445714994,2015-10-24 19:29:54,funny
2,60756,Highly quotable,1445714996,2015-10-24 19:29:56,highly quotable
2,60756,will ferrell,1445714992,2015-10-24 19:29:52,will ferrell
2,89774,Boxing story,1445715207,2015-10-24 19:33:27,boxing story
2,89774,MMA,1445715200,2015-10-24 19:33:20,mma
2,89774,Tom Hardy,1445715205,2015-10-24 19:33:25,tom hardy
2,106782,drugs,1445715054,2015-10-24 19:30:54,drugs
2,106782,Leonardo DiCaprio,1445715051,2015-10-24 19:30:51,leonardo dicaprio
2,106782,Martin Scorsese,1445715056,2015-10-24 19:30:56,martin scorsese
7,48516,way too long,1169687325,2007-01-25 01:08:45,way too long
18,431,Al Pacino,1462138765,2016-05-01 21:39:25,al pacino
18,431,gangster,1462138749,2016-05-01 21:39:09,gangster
18,431,mafia,1462138755,2016-05-01 21:39:15,mafia
18,1221,Al Pacino,1461699306,2016-04-26 19:35:06,al pacino
18,1221,Mafia,1461699303,2016-04-26 19:35:03,mafia
18,5995,holocaust,1455735472,2016-02-17 18:57:52,holocaust
18,5995,true story,1455735479,2016-02-17 18:57:59,true story
18,44665,twist ending,1456948283,2016-03-02 19:51:23,twist ending
18,52604,Anthony Hopkins,1457650696,2016-03-10 22:58:16,anthony hopkins
18,52604,courtroom drama,1457650711,2016-03-10 22:58:31,courtroom drama
18,52604,twist ending,1457650682,2016-03-10 22:58:02,twist ending
18,88094,britpop,1457444500,2016-03-08 13:41:40,britpop
18,88094,indie record label,1457444592,2016-03-08 13:43:12,indie record label
18,88094,music,1457444609,2016-03-08 13:43:29,music
18,144210,dumpster diving,1455060381,2016-02-09 23:26:21,dumpster diving
18,144210,Sustainability,1455060452,2016-02-09 23:27:32,sustainability
21,1569,romantic comedy,1419805413,2014-12-28 22:23:33,romantic comedy
21,1569,wedding,1419805419,2014-12-28 22:23:39,wedding
21,118985,painter,1419805477,2014-12-28 22:24:37,painter
21,119141,bloody,1419793962,2014-12-28 19:12:42,bloody
49,109487,black hole,1493093306,2017-04-25 04:08:26,black hole
49,109487,sci-fi,1493093332,2017-04-25 04:08:52,sci-fi
49,109487,time-travel,1493093356,2017-04-25 04:09:16,time-travel
62,2,fantasy,1528843929,2018-06-12 22:52:09,fantasy
62,2,magic board game,1528843932,2018-06-12 22:52:12,magic board game
62,2,Robin Williams,1528843907,2018-06-12 22:51:47,robin williams
62,110,beautiful scenery,1528152541,2018-06-04 22:49:01,beautiful scenery
62,110,epic,1528152532,2018-06-04 22:48:52,epic
62,110,historical,1528152523,2018-06-04 22:48:43,historical
62,110,inspirational,1528152527,2018-06-04 22:48:47,inspirational
62,110,Medieval,1528152528,2018-06-04 22:48:48,medieval
62,110,mel gibson,1528152521,2018-06-04 22:48:41,mel gibson
62,110,Oscar (Best Cinematography),1528152539,2018-06-04 22:48:59,oscar (best cinematography)
62,110,revenge,1528152531,2018-06-04 22:48:51,revenge
62,110,sword fight,1528152535,2018-06-04 22:48:55,sword fight
62,410,black comedy,1525636607,2018-05-06 19:56:47,black comedy
62,410,Christina Ricci,1525636685,2018-05-06 19:58:05,christina ricci
62,410,Christopher Lloyd,1525636622,2018-05-06 19:57:02,christopher lloyd
62,410,dark comedy,1525636610,2018-05-06 19:56:50,dark comedy
62,410,family,1525636708,2018-05-06 19:58:28,family
62,410,gothic,1525636609,2018-05-06 19:56:49,gothic
62,2023,Al Pacino,1525636728,2018-05-06 19:58:48,al pacino
62,2023,Andy Garcia,1525636768,2018-05-06 19:59:28,andy garcia
62,2023,Classic,1525636752,2018-05-06 19:59:12,classic
62,2023,Francis Ford Coppola,1525636752,2018-05-06 19:59:12,francis ford coppola
62,2023,mafia,1525636733,2018-05-06 19:58:53,mafia
62,2124,black comedy,1525636847,2018-05-06 20:00:47,black comedy
62,2124,Christina Ricci,1525636867,2018-05-06 20:01:07,christina ricci
62,2124,Christopher Lloyd,1525636859,2018-05-06 20:00:59,christopher lloyd
62,2124,Family,1525636855,2018-05-06 20:00:55,family
62,2124,gothic,1525636849,2018-05-06 20:00:49,gothic
62,2124,quirky,1525636846,2018-05-06 20:00:46,quirky
62,2953,family,1525636883,2018-05-06 20:01:23,family
62,2953,funny,1525636885,2018-05-06 20:01:25,funny
62,2953,Macaulay Culkin,1525636890,2018-05-06 20:01:30,macaulay culkin
62,2953,sequel,1525636887,2018-05-06 20:01:27,sequel
62,3114,animation,1525636903,2018-05-06 20:01:43,animation
62,3114,Disney,1525636902,2018-05-06 20:01:42,disney
62,3114,funny,1525636913,2018-05-06 20:01:53,funny
62,3114,original,1525636917,2018-05-06 20:01:57,original
62,3114,Pixar,1525636901,2018-05-06 20:01:41,pixar
62,3114,sequel,1525636910,2018-05-06 20:01:50,sequel
62,3114,Tom Hanks,1525636925,2018-05-06 20:02:05,tom hanks
62,3578,ancient Rome,1528152504,2018-06-04 22:48:24,ancient rome
62,3578,Epic,1528152469,2018-06-04 22:47:49,epic
62,3578,history,1528152467,2018-06-04 22:47:47,history
62,3578,imdb top 250,1528152498,2018-06-04 22:48:18,imdb top 250
62,3578,revenge,1528152496,2018-06-04 22:48:16,revenge
62,3578,Rome,1528152463,2018-06-04 22:47:43,rome
62,3578,Russell Crowe,1528152465,2018-06-04 22:47:45,russell crowe
62,4223,Ed Harris,1528024869,2018-06-03 11:21:09,ed harris
62,4223,Jude Law,1528024854,2018-06-03 11:20:54,jude law
62,4223,Rachel Weisz,1528024873,2018-06-03 11:21:13,rachel weisz
62,4223,sniper,1528024852,2018-06-03 11:20:52,sniper
62,4223,World War II,1528024877,2018-06-03 11:21:17,world war ii
62,5388,Al Pacino,1530310809,2018-06-29 22:20:09,al pacino
62,5388,atmospheric,1530310959,2018-06-29 22:22:39,atmospheric
62,5388,Hilary Swank,1530310952,2018-06-29 22:22:32,hilary swank
62,5388,Robin Williams,1530310811,2018-06-29 22:20:11,robin williams
62,6058,sequel,1525555053,2018-05-05 21:17:33,sequel
62,6058,violent,1525555051,2018-05-05 21:17:31,violent
62,6534,dogs,1525554096,2018-05-05 21:01:36,dogs
62,6534,Eric Bana,1525554086,2018-05-05 21:01:26,eric bana
62,6534,mad scientist,1525554098,2018-05-05 21:01:38,mad scientist
62,6534,marvel,1525554100,2018-05-05 21:01:40,marvel
62,6541,captain nemo,1525554054,2018-05-05 21:00:54,captain nemo
62,6541,comic book,1525554028,2018-05-05 21:00:28,comic book
62,6541,gothic,1525554056,2018-05-05 21:00:56,gothic
62,6541,Peta Wilson,1525554040,2018-05-05 21:00:40,peta wilson
62,6541,Sean Connery,1525554026,2018-05-05 21:00:26,sean connery
62,6541,superhero,1525554051,2018-05-05 21:00:51,superhero
62,6564,adventure,1525554439,2018-05-05 21:07:19,adventure
62,6564,Angelina Jolie,1525554432,2018-05-05 21:07:12,angelina jolie
62,6564,heroine in tight suit,1525554441,2018-05-05 21:07:21,heroine in tight suit
62,7153,Adventure,1528152558,2018-06-04 22:49:18,adventure
62,7153,ensemble cast,1528152578,2018-06-04 22:49:38,ensemble cast
62,7153,fantasy,1528152556,2018-06-04 22:49:16,fantasy
62,7153,fantasy world,1528152571,2018-06-04 22:49:31,fantasy world
62,7153,great soundtrack,1528152575,2018-06-04 22:49:35,great soundtrack
62,7153,lord of the rings,1528152581,2018-06-04 22:49:41,lord of the rings
62,7153,scenic,1528152580,2018-06-04 22:49:40,scenic
62,7153,stylized,1528152577,2018-06-04 22:49:37,stylized
62,7153,Tolkien,1528152561,2018-06-04 22:49:21,tolkien
62,8641,hilarious,1526249138,2018-05-13 22:05:38,hilarious
62,8641,Steve Carell,1526249156,2018-05-13 22:05:56,steve carell
62,8641,Will Ferrell,1526249135,2018-05-13 22:05:35,will ferrell
62,27660,animation,1525554490,2018-05-05 21:08:10,animation
62,27660,anime,1525554488,2018-05-05 21:08:08,anime
62,27660,cyberpunk,1525554486,2018-05-05 21:08:06,cyberpunk
62,27660,dark,1525554500,2018-05-05 21:08:20,dark
62,27660,Matrix,1525554493,2018-05-05 21:08:13,matrix
62,27660,sci-fi,1525554491,2018-05-05 21:08:11,sci-fi
62,27706,dark comedy,1526248598,2018-05-13 21:56:38,dark comedy
62,27706,Jim Carrey,1526248575,2018-05-13 21:56:15,jim carrey
62,27706,meryl streep,1526248580,2018-05-13 21:56:20,meryl streep
62,27706,quirky,1526248553,2018-05-13 21:55:53,quirky
62,27706,stylized,1526248601,2018-05-13 21:56:41,stylized
62,27808,Adam Sandler,1525554900,2018-05-05 21:15:00,adam sandler
62,27808,family,1525554919,2018-05-05 21:15:19,family
62,27808,sweet,1525554922,2018-05-05 21:15:22,sweet
62,27831,British gangster,1532723304,2018-07-27 20:28:24,british gangster
62,27831,confusing,1532723364,2018-07-27 20:29:24,confusing
62,27831,daniel craig,1532723305,2018-07-27 20:28:25,daniel craig
62,27831,Exquisite plotting.,1532723355,2018-07-27 20:29:15,exquisite plotting.
62,27831,organized crime,1532723369,2018-07-27 20:29:29,organized crime
62,27831,stylish,1532723356,2018-07-27 20:29:16,stylish
62,27831,Tom Hardy,1532723359,2018-07-27 20:29:19,tom hardy
62,31658,anime,1525869041,2018-05-09 12:30:41,anime
62,31658,fantasy world,1525869051,2018-05-09 12:30:51,fantasy world
62,31658,Hayao Miyazaki,1525869046,2018-05-09 12:30:46,hayao miyazaki
62,31658,Studio Ghibli,1525869044,2018-05-09 12:30:44,studio ghibli
62,33162,David Thewlis,1525554605,2018-05-05 21:10:05,david thewlis
62,33162,Eva Green,1525554550,2018-05-05 21:09:10,eva green
62,33162,Liam Neeson,1525554577,2018-05-05 21:09:37,liam neeson
62,33162,Orlando Bloom,1525554511,2018-05-05 21:08:31,orlando bloom
62,34150,Chris Evans,1525554141,2018-05-05 21:02:21,chris evans
62,34150,comic book,1525554003,2018-05-05 21:00:03,comic book
62,34150,heroine in tight suit,1525554138,2018-05-05 21:02:18,heroine in tight suit
62,34150,Jessica Alba,1525554127,2018-05-05 21:02:07,jessica alba
62,34150,sexy female scientist,1525554144,2018-05-05 21:02:24,sexy female scientist
62,34150,superhero,1525553977,2018-05-05 20:59:37,superhero
62,37729,gothic,1530310527,2018-06-29 22:15:27,gothic
62,37729,helena bonham carter,1530310534,2018-06-29 22:15:34,helena bonham carter
62,37729,Johnny Depp,1530310529,2018-06-29 22:15:29,johnny depp
62,37729,Tim Burton,1530310526,2018-06-29 22:15:26,tim burton
62,37729,visually appealing,1530310541,2018-06-29 22:15:41,visually appealing
62,38061,black comedy,1532723380,2018-07-27 20:29:40,black comedy
62,38061,clever,1532723403,2018-07-27 20:30:03,clever
62,38061,fast-paced dialogue,1532723406,2018-07-27 20:30:06,fast-paced dialogue
62,38061,good dialogue,1532723428,2018-07-27 20:30:28,good dialogue
62,38061,Robert Downey Jr.,1532723408,2018-07-27 20:30:08,robert downey jr.
62,38061,witty,1532723402,2018-07-27 20:30:02,witty
62,45447,adventure,1525637064,2018-05-06 20:04:24,adventure
62,45447,Audrey Tautou,1525637075,2018-05-06 20:04:35,audrey tautou
62,45447,conspiracy theory,1525637062,2018-05-06 20:04:22,conspiracy theory
62,45447,Mystery,1525637081,2018-05-06 20:04:41,mystery
62,45447,Paris,1525637079,2018-05-06 20:04:39,paris
62,45447,Tom Hanks,1525637067,2018-05-06 20:04:27,tom hanks
62,45447,treasure hunt,1525637084,2018-05-06 20:04:44,treasure hunt
62,46723,Brad Pitt,1525554217,2018-05-05 21:03:37,brad pitt
62,46723,cate blanchett,1525554227,2018-05-05 21:03:47,cate blanchett
62,46723,multiple storylines,1525554215,2018-05-05 21:03:35,multiple storylines
62,46723,social commentary,1525554246,2018-05-05 21:04:06,social commentary
62,46972,Ben Stiller,1525554254,2018-05-05 21:04:14,ben stiller
62,46972,Robin Williams,1525554255,2018-05-05 21:04:15,robin williams
62,46976,emma thompson,1536874692,2018-09-13 21:38:12,emma thompson
62,46976,Maggie Gyllenhaal,1536874655,2018-09-13 21:37:35,maggie gyllenhaal
62,46976,modern fantasy,1536874658,2018-09-13 21:37:38,modern fantasy
62,46976,romance,1536874651,2018-09-13 21:37:31,romance
62,46976,surreal,1536874662,2018-09-13 21:37:42,surreal
62,46976,Will Ferrell,1536874653,2018-09-13 21:37:33,will ferrell
62,49130,Marion Cotillard,1526582371,2018-05-17 18:39:31,marion cotillard
62,49530,Africa,1536874706,2018-09-13 21:38:26,africa
62,49530,corruption,1536874704,2018-09-13 21:38:24,corruption
62,49530,Jennifer Connelly,1536874701,2018-09-13 21:38:21,jennifer connelly
62,49530,justice,1536874709,2018-09-13 21:38:29,justice
62,49530,Leonardo DiCaprio,1536874698,2018-09-13 21:38:18,leonardo dicaprio
62,53464,bad acting,1525554797,2018-05-05 21:13:17,bad acting
62,53464,bad jokes,1525554811,2018-05-05 21:13:31,bad jokes
62,53464,bad plot,1525554822,2018-05-05 21:13:42,bad plot
62,53464,Chris Evans,1525554807,2018-05-05 21:13:27,chris evans
62,53464,Jessica Alba,1525554794,2018-05-05 21:13:14,jessica alba
62,53464,Marvel,1525554792,2018-05-05 21:13:12,marvel
62,53464,sexy female scientist,1525554813,2018-05-05 21:13:33,sexy female scientist
62,58047,Rachel Weisz,1528909364,2018-06-13 17:02:44,rachel weisz
62,58047,Ryan Reynolds,1528909347,2018-06-13 17:02:27,ryan reynolds
62,59501,fantasy,1525637507,2018-05-06 20:11:47,fantasy
62,59501,lion,1525637517,2018-05-06 20:11:57,lion
62,59501,narnia,1525637508,2018-05-06 20:11:48,narnia
62,59501,Tilda Swinton,1525637603,2018-05-06 20:13:23,tilda swinton
62,60074,bad script,1525554116,2018-05-05 21:01:56,bad script
62,60074,Charlize Theron,1525554121,2018-05-05 21:02:01,charlize theron
62,60074,Will Smith,1525554107,2018-05-05 21:01:47,will smith
62,60126,Anne Hathaway,1527004240,2018-05-22 15:50:40,anne hathaway
62,60126,Steve Carell,1527004238,2018-05-22 15:50:38,steve carell
62,60756,comedy,1528934384,2018-06-13 23:59:44,comedy
62,60756,funny,1528934381,2018-06-13 23:59:41,funny
62,60756,will ferrell,1528934379,2018-06-13 23:59:39,will ferrell
62,61024,comedy,1528934218,2018-06-13 23:56:58,comedy
62,61024,James Franco,1528934214,2018-06-13 23:56:54,james franco
62,61024,Seth Rogen,1528934216,2018-06-13 23:56:56,seth rogen
62,61024,Stoner Movie,1528934219,2018-06-13 23:56:59,stoner movie
62,63992,audience intelligence underestimated,1528934237,2018-06-13 23:57:17,audience intelligence underestimated
62,63992,boring,1528934241,2018-06-13 23:57:21,boring
62,63992,chick flick,1528934247,2018-06-13 23:57:27,chick flick
62,63992,overrated,1528934240,2018-06-13 23:57:20,overrated
62,63992,Teen movie,1528934233,2018-06-13 23:57:13,teen movie
62,68848,Adrien Brody,1527274305,2018-05-25 18:51:45,adrien brody
62,68848,con artists,1527274320,2018-05-25 18:52:00,con artists
62,68848,funny,1527274322,2018-05-25 18:52:02,funny
62,68848,interesting characters,1527274324,2018-05-25 18:52:04,interesting characters
62,68848,Mark Ruffalo,1527274316,2018-05-25 18:51:56,mark ruffalo
62,68848,Rachel Weisz,1527274311,2018-05-25 18:51:51,rachel weisz
62,71535,Bill Murray,1529777198,2018-06-23 18:06:38,bill murray
62,71535,dark comedy,1529777189,2018-06-23 18:06:29,dark comedy
62,71535,Emma Stone,1529777192,2018-06-23 18:06:32,emma stone
62,71535,funny,1529777194,2018-06-23 18:06:34,funny
62,71535,Jesse Eisenberg,1529777186,2018-06-23 18:06:26,jesse eisenberg
62,71535,Woody Harrelson,1529777129,2018-06-23 18:05:29,woody harrelson
62,87430,audience intelligence underestimated,1525555172,2018-05-05 21:19:32,audience intelligence underestimated
62,87430,CGI,1525555168,2018-05-05 21:19:28,cgi
62,87430,cheesy,1525555170,2018-05-05 21:19:30,cheesy
62,87430,comic book,1525555164,2018-05-05 21:19:24,comic book
62,87430,DC,1525555176,2018-05-05 21:19:36,dc
62,87430,DC Comics,1525555184,2018-05-05 21:19:44,dc comics
62,87430,Ryan Reynolds,1525555162,2018-05-05 21:19:22,ryan reynolds
62,87430,space,1525555182,2018-05-05 21:19:42,space
62,87430,superhero,1525555181,2018-05-05 21:19:41,superhero
62,88405,comedy,1525554879,2018-05-05 21:14:39,comedy
62,88405,funny,1525554868,2018-05-05 21:14:28,funny
62,88405,happy ending,1525554872,2018-05-05 21:14:32,happy ending
62,88405,HOT actress,1525554880,2018-05-05 21:14:40,hot actress
62,88405,Justin Timberlake,1525554873,2018-05-05 21:14:33,justin timberlake
62,88405,Mila Kunis,1525554861,2018-05-05 21:14:21,mila kunis
62,88405,New York City,1525554866,2018-05-05 21:14:26,new york city
62,88405,romance,1525554883,2018-05-05 21:14:43,romance
62,88405,sex,1525554864,2018-05-05 21:14:24,sex
62,96861,Istanbul,1529611262,2018-06-21 20:01:02,istanbul
62,96861,Liam Neeson,1529611250,2018-06-21 20:00:50,liam neeson
62,96861,predictable,1529611266,2018-06-21 20:01:06,predictable
62,96861,Turkey,1529611256,2018-06-21 20:00:56,turkey
62,96861,unnecessary sequel,1529611269,2018-06-21 20:01:09,unnecessary sequel
62,99114,action,1526078792,2018-05-11 22:46:32,action
62,99114,Christoph Waltz,1526078766,2018-05-11 22:46:06,christoph waltz
62,99114,funny,1526078778,2018-05-11 22:46:18,funny
62,99114,good soundtrack,1526078785,2018-05-11 22:46:25,good soundtrack
62,99114,Great performances,1526078768,2018-05-11 22:46:08,great performances
62,99114,Humour,1526078787,2018-05-11 22:46:27,humour
62,99114,Leonardo DiCaprio,1526078762,2018-05-11 22:46:02,leonardo dicaprio
62,99114,Quentin Tarantino,1526078760,2018-05-11 22:46:00,quentin tarantino
62,99114,Samuel L. Jackson,1526078763,2018-05-11 22:46:03,samuel l. jackson
62,99114,Soundtrack,1526078781,2018-05-11 22:46:21,soundtrack
62,99114,western,1526078773,2018-05-11 22:46:13,western
62,103042,Amy Adams,1525555328,2018-05-05 21:22:08,amy adams
62,103042,superhero,1525555319,2018-05-05 21:21:59,superhero
62,104863,daniel radcliffe,1528843968,2018-06-12 22:52:48,daniel radcliffe
62,104863,zoe kazan,1528843965,2018-06-12 22:52:45,zoe kazan
62,107348,comedy,1528935011,2018-06-14 00:10:11,comedy
62,107348,Steve Carell,1528935000,2018-06-14 00:10:00,steve carell
62,107348,stupid but funny,1528935013,2018-06-14 00:10:13,stupid but funny
62,107348,will ferrell,1528935002,2018-06-14 00:10:02,will ferrell
62,108190,anti-intellectual,1525554841,2018-05-05 21:14:01,anti-intellectual
62,108190,bad writing,1525554835,2018-05-05 21:13:55,bad writing
62,108190,dystopia,1525554830,2018-05-05 21:13:50,dystopia
62,108190,new society,1525554832,2018-05-05 21:13:52,new society
62,108190,plot holes,1525554845,2018-05-05 21:14:05,plot holes
62,108190,predictable,1525554847,2018-05-05 21:14:07,predictable
62,108190,scifi,1525554839,2018-05-05 21:13:59,scifi
62,108190,unintelligent,1525554843,2018-05-05 21:14:03,unintelligent
62,111743,Charlize Theron,1530471420,2018-07-01 18:57:00,charlize theron
62,111743,Liam Neeson,1530471434,2018-07-01 18:57:14,liam neeson
62,111743,Seth MacFarlane,1530471419,2018-07-01 18:56:59,seth macfarlane
62,111743,witty,1530471417,2018-07-01 18:56:57,witty
62,114180,action,1525554460,2018-05-05 21:07:40,action
62,114180,dystopia,1525554450,2018-05-05 21:07:30,dystopia
62,114180,plot holes,1525554454,2018-05-05 21:07:34,plot holes
62,114180,post-apocalyptic,1525554458,2018-05-05 21:07:38,post-apocalyptic
62,114180,survival,1525554456,2018-05-05 21:07:36,survival
62,114180,thriller,1525554471,2018-05-05 21:07:51,thriller
62,114180,unexplained,1525554473,2018-05-05 21:07:53,unexplained
62,114180,weak plot,1525554463,2018-05-05 21:07:43,weak plot
62,115149,dark hero,1528152251,2018-06-04 22:44:11,dark hero
62,115149,gun-fu,1528152257,2018-06-04 22:44:17,gun-fu
62,115149,Keanu Reeves,1528152244,2018-06-04 22:44:04,keanu reeves
62,115149,Revenge,1528152241,2018-06-04 22:44:01,revenge
62,115149,secret society,1528152258,2018-06-04 22:44:18,secret society
62,115149,stylish,1528152247,2018-06-04 22:44:07,stylish
62,116897,black comedy,1528152849,2018-06-04 22:54:09,black comedy
62,116897,dark comedy,1528152859,2018-06-04 22:54:19,dark comedy
62,116897,dark humor,1528152847,2018-06-04 22:54:07,dark humor
62,116897,ironic,1528152854,2018-06-04 22:54:14,ironic
62,116897,multiple short stories,1528152862,2018-06-04 22:54:22,multiple short stories
62,116897,short stories,1528152852,2018-06-04 22:54:12,short stories
62,119141,bromance,1525555146,2018-05-05 21:19:06,bromance
62,119141,comedy,1525555138,2018-05-05 21:18:58,comedy
62,119141,funny,1525555129,2018-05-05 21:18:49,funny
62,119141,James Franco,1525555132,2018-05-05 21:18:52,james franco
62,119141,Seth Rogen,1525555127,2018-05-05 21:18:47,seth rogen
62,122912,comic book,1526029023,2018-05-11 08:57:03,comic book
62,122912,Dr. Strange,1526029001,2018-05-11 08:56:41,dr. strange
62,122912,Great villain,1526029025,2018-05-11 08:57:05,great villain
62,122912,Guardians of the Galaxy,1526029015,2018-05-11 08:56:55,guardians of the galaxy
62,122912,Marvel,1526028997,2018-05-11 08:56:37,marvel
62,122912,MCU,1526028983,2018-05-11 08:56:23,mcu
62,122912,Robert Downey Jr.,1526028991,2018-05-11 08:56:31,robert downey jr.
62,122912,Thanos,1526028985,2018-05-11 08:56:25,thanos
62,122912,Thor,1526029010,2018-05-11 08:56:50,thor
62,122912,Visually stunning,1526028994,2018-05-11 08:56:34,visually stunning
62,128360,characters,1526078910,2018-05-11 22:48:30,characters
62,128360,Dialogue,1526078902,2018-05-11 22:48:22,dialogue
62,128360,humor,1526078901,2018-05-11 22:48:21,humor
62,128360,Kurt Russell,1526078886,2018-05-11 22:48:06,kurt russell
62,128360,Quentin Tarantino,1526078877,2018-05-11 22:47:57,quentin tarantino
62,128360,Samuel L. Jackson,1526078883,2018-05-11 22:48:03,samuel l. jackson
62,128360,tension building,1526078880,2018-05-11 22:48:00,tension building
62,128360,violent,1526078912,2018-05-11 22:48:32,violent
62,128360,Western,1526078899,2018-05-11 22:48:19,western
62,135133,dystopia,1525637480,2018-05-06 20:11:20,dystopia
62,135133,Jennifer Lawrence,1525637484,2018-05-06 20:11:24,jennifer lawrence
62,135133,love story,1525637487,2018-05-06 20:11:27,love story
62,135133,nonsense,1525637488,2018-05-06 20:11:28,nonsense
62,135133,politics,1525637499,2018-05-06 20:11:39,politics
62,135133,rebellion,1525637483,2018-05-06 20:11:23,rebellion
62,135133,revolution,1525637481,2018-05-06 20:11:21,revolution
62,135518,Ben Kingsley,1530471365,2018-07-01 18:56:05,ben kingsley
62,135518,ethics,1530471346,2018-07-01 18:55:46,ethics
62,135518,immortality,1530471343,2018-07-01 18:55:43,immortality
62,135518,ryan reynolds,1530471352,2018-07-01 18:55:52,ryan reynolds
62,135536,Bad story,1525555090,2018-05-05 21:18:10,bad story
62,135536,Bad writing,1525555084,2018-05-05 21:18:04,bad writing
62,135536,Batman,1525555077,2018-05-05 21:17:57,batman
62,135536,Ben Affleck,1525555106,2018-05-05 21:18:26,ben affleck
62,135536,comic book,1525555092,2018-05-05 21:18:12,comic book
62,135536,dc comics,1525555080,2018-05-05 21:18:00,dc comics
62,135536,good soundtrack,1525555089,2018-05-05 21:18:09,good soundtrack
62,135536,Harley Quinn,1525555079,2018-05-05 21:17:59,harley quinn
62,135536,Harley Quinn's ass,1525555094,2018-05-05 21:18:14,harley quinn's ass
62,135536,Horrible directing,1525555099,2018-05-05 21:18:19,horrible directing
62,135536,Jared Leto,1525555072,2018-05-05 21:17:52,jared leto
62,135536,Joker,1525555074,2018-05-05 21:17:54,joker
62,135536,lack of plot,1525555069,2018-05-05 21:17:49,lack of plot
62,135536,Margot Robbie,1525555073,2018-05-05 21:17:53,margot robbie
62,135536,Poor story,1525555087,2018-05-05 21:18:07,poor story
62,135536,poorly paced,1525555083,2018-05-05 21:18:03,poorly paced
62,135536,superhero,1525555103,2018-05-05 21:18:23,superhero
62,135536,visually appealing,1525555109,2018-05-05 21:18:29,visually appealing
62,135536,Will Smith,1525555076,2018-05-05 21:17:56,will smith
62,136864,action,1525555242,2018-05-05 21:20:42,action
62,136864,batman,1525555211,2018-05-05 21:20:11,batman
62,136864,ben affleck,1525555223,2018-05-05 21:20:23,ben affleck
62,136864,dark,1525555227,2018-05-05 21:20:27,dark
62,136864,dc comics,1525555225,2018-05-05 21:20:25,dc comics
62,136864,Gal Gadot,1525555240,2018-05-05 21:20:40,gal gadot
62,136864,superhero,1525555243,2018-05-05 21:20:43,superhero
62,136864,superman,1525555213,2018-05-05 21:20:13,superman
62,136864,wonderwoman,1525555233,2018-05-05 21:20:33,wonderwoman
62,139385,leonardo DiCarpio,1526079025,2018-05-11 22:50:25,leonardo dicarpio
62,139385,survival,1526079019,2018-05-11 22:50:19,survival
62,139385,tom hardy,1526079029,2018-05-11 22:50:29,tom hardy
62,139385,visually appealing,1526079038,2018-05-11 22:50:38,visually appealing
62,158966,building a family,1526076353,2018-05-11 22:05:53,building a family
62,158966,creative,1526076341,2018-05-11 22:05:41,creative
62,158966,freedom,1526076339,2018-05-11 22:05:39,freedom
62,158966,good writing,1526076350,2018-05-11 22:05:50,good writing
62,158966,individualism,1526076344,2018-05-11 22:05:44,individualism
62,158966,Viggo Mortensen,1526076342,2018-05-11 22:05:42,viggo mortensen
62,168248,action,1528152295,2018-06-04 22:44:55,action
62,168248,dark hero,1528152291,2018-06-04 22:44:51,dark hero
62,168248,gun tactics,1528152287,2018-06-04 22:44:47,gun tactics
62,168248,hitman,1528152293,2018-06-04 22:44:53,hitman
62,168248,Keanu Reeves,1528152284,2018-06-04 22:44:44,keanu reeves
62,168248,organized crime,1528152289,2018-06-04 22:44:49,organized crime
62,168248,secret society,1528152282,2018-06-04 22:44:42,secret society
62,174053,Dystopia,1525637341,2018-05-06 20:09:01,dystopia
62,174053,future,1525637343,2018-05-06 20:09:03,future
62,174053,interesting,1525637346,2018-05-06 20:09:06,interesting
62,174053,jon hamm,1525637384,2018-05-06 20:09:44,jon hamm
62,174053,thought provoking,1525637344,2018-05-06 20:09:04,thought provoking
62,179401,Action,1528934538,2018-06-14 00:02:18,action
62,179401,Comedy,1528934534,2018-06-14 00:02:14,comedy
62,179401,Dwayne Johnson,1528934540,2018-06-14 00:02:20,dwayne johnson
62,179401,funny,1528934536,2018-06-14 00:02:16,funny
62,183611,Comedy,1526244689,2018-05-13 20:51:29,comedy
62,183611,funny,1526244688,2018-05-13 20:51:28,funny
62,183611,Rachel McAdams,1526244709,2018-05-13 20:51:49,rachel mcadams
62,184471,adventure,1528024900,2018-06-03 11:21:40,adventure
62,184471,Alicia Vikander,1528024914,2018-06-03 11:21:54,alicia vikander
62,184471,video game adaptation,1528024898,2018-06-03 11:21:38,video game adaptation
62,187593,Josh Brolin,1527274096,2018-05-25 18:48:16,josh brolin
62,187593,Ryan Reynolds,1527274092,2018-05-25 18:48:12,ryan reynolds
62,187593,sarcasm,1527274090,2018-05-25 18:48:10,sarcasm
62,187595,Emilia Clarke,1528934560,2018-06-14 00:02:40,emilia clarke
62,187595,star wars,1528934552,2018-06-14 00:02:32,star wars
63,260,classic,1443199698,2015-09-25 16:48:18,classic
63,260,space action,1443199710,2015-09-25 16:48:30,space action
76,260,action,1439165594,2015-08-10 00:13:14,action
76,260,sci-fi,1439165588,2015-08-10 00:13:08,sci-fi
103,260,EPIC,1431954312,2015-05-18 13:05:12,epic
103,260,great soundtrack,1431954337,2015-05-18 13:05:37,great soundtrack
103,296,good dialogue,1431954555,2015-05-18 13:09:15,good dialogue
103,296,great soundtrack,1431954555,2015-05-18 13:09:15,great soundtrack
103,296,non-linear,1431954555,2015-05-18 13:09:15,non-linear
106,4896,Everything you want is here,1467566944,2016-07-03 17:29:04,everything you want is here
106,106489,adventure,1467566979,2016-07-03 17:29:39,adventure
112,260,classic sci-fi,1442535682,2015-09-18 00:21:22,classic sci-fi
112,260,engrossing adventure,1442535673,2015-09-18 00:21:13,engrossing adventure
112,260,EPIC,1442535666,2015-09-18 00:21:06,epic
119,260,classic,1435942530,2015-07-03 16:55:30,classic
119,260,Nerd,1435942520,2015-07-03 16:55:20,nerd
119,101142,animation,1436563067,2015-07-10 21:17:47,animation
119,101142,funny,1436563067,2015-07-10 21:17:47,funny
119,101142,stone age,1436563067,2015-07-10 21:17:47,stone age
119,115149,action,1437763143,2015-07-24 18:39:03,action
119,115149,killer,1437763143,2015-07-24 18:39:03,killer
119,115149,widows/widowers,1437763143,2015-07-24 18:39:03,widows/widowers
119,115617,animation,1435944890,2015-07-03 17:34:50,animation
119,115617,kids,1435944890,2015-07-03 17:34:50,kids
119,115617,robots,1435944890,2015-07-03 17:34:50,robots
119,120635,action,1438439306,2015-08-01 14:28:26,action
119,120635,murder,1438439306,2015-08-01 14:28:26,murder
119,120635,police,1438439306,2015-08-01 14:28:26,police
125,1726,Kevin Costner,1474483317,2016-09-21 18:41:57,kevin costner
125,1726,Post apocalyptic,1474483320,2016-09-21 18:42:00,post apocalyptic
125,2387,dark comedy,1474382225,2016-09-20 14:37:05,dark comedy
125,2387,dark humor,1474382223,2016-09-20 14:37:03,dark humor
125,3052,irreverent,1474592072,2016-09-23 00:54:32,irreverent
125,3052,jay and silent bob,1474592004,2016-09-23 00:53:24,jay and silent bob
125,3052,Kevin Smith,1474592000,2016-09-23 00:53:20,kevin smith
125,3052,satire,1474591997,2016-09-23 00:53:17,satire
125,5088,irreverent,1474592207,2016-09-23 00:56:47,irreverent
125,7022,based on a book,1474381749,2016-09-20 14:29:09,based on a book
125,7022,bloody,1474381755,2016-09-20 14:29:15,bloody
125,7022,brutal,1474381612,2016-09-20 14:26:52,brutal
125,7022,controversial,1474381812,2016-09-20 14:30:12,controversial
125,7022,dystopia,1474381779,2016-09-20 14:29:39,dystopia
125,7022,goretastic,1474381786,2016-09-20 14:29:46,goretastic
125,7022,satire,1474381739,2016-09-20 14:28:59,satire
125,7022,social commentary,1474381788,2016-09-20 14:29:48,social commentary
125,7022,survival,1474381609,2016-09-20 14:26:49,survival
125,7022,violence,1474381745,2016-09-20 14:29:05,violence
125,7254,alternate reality,1474381441,2016-09-20 14:24:01,alternate reality
125,7254,sci-fi,1474381448,2016-09-20 14:24:08,sci-fi
125,7254,science fiction,1474381455,2016-09-20 14:24:15,science fiction
125,7254,time travel,1474381439,2016-09-20 14:23:59,time travel
125,8957,brutal,1474382001,2016-09-20 14:33:21,brutal
125,8957,clever,1474382019,2016-09-20 14:33:39,clever
125,8957,Disturbing,1474382015,2016-09-20 14:33:35,disturbing
125,8957,great ending,1474381987,2016-09-20 14:33:07,great ending
125,8957,mindfuck,1474381982,2016-09-20 14:33:02,mindfuck
125,8957,surprise ending,1474381973,2016-09-20 14:32:53,surprise ending
125,8957,suspense,1474381994,2016-09-20 14:33:14,suspense
125,9010,cruel characters,1474381529,2016-09-20 14:25:29,cruel characters
125,42632,brutality,1474381492,2016-09-20 14:24:52,brutality
125,58301,dark humor,1474381561,2016-09-20 14:26:01,dark humor
125,60950,threesome,1474591817,2016-09-23 00:50:17,threesome
125,62434,Seth Rogen,1474592476,2016-09-23 01:01:16,seth rogen
125,62434,Sexual Humor,1474592473,2016-09-23 01:01:13,sexual humor
125,67695,Seth Rogen,1474382123,2016-09-20 14:35:23,seth rogen
125,100083,embarassing scenes,1474377075,2016-09-20 13:11:15,embarassing scenes
125,100083,offensive,1474377060,2016-09-20 13:11:00,offensive
125,100083,R language,1474377035,2016-09-20 13:10:35,r language
125,100083,sarcasm,1474377015,2016-09-20 13:10:15,sarcasm
125,100083,satire,1474381901,2016-09-20 14:31:41,satire
125,156371,80's,1474469700,2016-09-21 14:55:00,80's
125,158872,Crude humor,1474382035,2016-09-20 14:33:55,crude humor
125,158872,mindfuck,1474382087,2016-09-20 14:34:47,mindfuck
125,158872,sarcasm,1474382053,2016-09-20 14:34:13,sarcasm
125,158872,satire,1474382047,2016-09-20 14:34:07,satire
125,158872,Vulgar,1474382100,2016-09-20 14:35:00,vulgar
132,3556,sofia coppola,1163148016,2006-11-10 08:40:16,sofia coppola
132,6323,John Cusack,1161800041,2006-10-25 18:14:01,john cusack
132,6367,Ewan McGregor,1161799885,2006-10-25 18:11:25,ewan mcgregor
132,6367,Renee Zellweger,1161799951,2006-10-25 18:12:31,renee zellweger
138,59103,jackie chan,1222676394,2008-09-29 08:19:54,jackie chan
138,59103,kung fu,1222676405,2008-09-29 08:20:05,kung fu
161,52287,Something for everyone in this one... saw it without and plan on seeing it with kids!,1176498861,2007-04-13 21:14:21,something for everyone in this one... saw it without and plan on seeing it with kids!
166,293,assassin,1188774484,2007-09-02 23:08:04,assassin
166,293,Jean Reno,1188774487,2007-09-02 23:08:07,jean reno
166,54286,assassin,1188774519,2007-09-02 23:08:39,assassin
166,54286,assassin-in-training (scene),1188774517,2007-09-02 23:08:37,assassin-in-training (scene)
166,54286,espionage,1188774515,2007-09-02 23:08:35,espionage
166,54286,Robert Ludlum,1188774524,2007-09-02 23:08:44,robert ludlum
167,104,test tag,1154718872,2006-08-04 19:14:32,test tag
177,115617,feel-good,1435523876,2015-06-28 20:37:56,feel-good
177,115617,fun family movie,1435523876,2015-06-28 20:37:56,fun family movie
177,115617,very funny,1435523876,2015-06-28 20:37:56,very funny
184,2579,black and white,1537094307,2018-09-16 10:38:27,black and white
184,2579,Christopher Nolan,1537094326,2018-09-16 10:38:46,christopher nolan
184,2579,directorial debut,1537094323,2018-09-16 10:38:43,directorial debut
184,2579,mindfuck,1537094375,2018-09-16 10:39:35,mindfuck
184,2579,not linear,1537094318,2018-09-16 10:38:38,not linear
184,2579,Twist Ending,1537094309,2018-09-16 10:38:29,twist ending
184,3793,action,1537094381,2018-09-16 10:39:41,action
184,3793,comic book,1537094359,2018-09-16 10:39:19,comic book
184,3793,hugh jackman,1537094370,2018-09-16 10:39:30,hugh jackman
184,3793,marvel,1537094366,2018-09-16 10:39:26,marvel
184,3793,superhero,1537094354,2018-09-16 10:39:14,superhero
184,4226,dark,1537094453,2018-09-16 10:40:53,dark
184,4226,Mindfuck,1537094464,2018-09-16 10:41:04,mindfuck
184,4226,nonlinear,1537094445,2018-09-16 10:40:45,nonlinear
184,4226,psychology,1537094448,2018-09-16 10:40:48,psychology
184,4226,twist ending,1537094447,2018-09-16 10:40:47,twist ending
184,4896,alan rickman,1537094576,2018-09-16 10:42:56,alan rickman
184,4896,harry potter,1537094544,2018-09-16 10:42:24,harry potter
184,4896,humorous,1537094550,2018-09-16 10:42:30,humorous
184,4896,Magic,1537094530,2018-09-16 10:42:10,magic
184,5388,atmospheric,1537094680,2018-09-16 10:44:40,atmospheric
184,5388,insomnia,1537094688,2018-09-16 10:44:48,insomnia
184,5388,thought-provoking,1537094685,2018-09-16 10:44:45,thought-provoking
184,6283,amazing artwork,1537094506,2018-09-16 10:41:46,amazing artwork
184,6283,anime,1537094487,2018-09-16 10:41:27,anime
184,6283,sci-fi,1537094503,2018-09-16 10:41:43,sci-fi
184,27156,anime,1537094261,2018-09-16 10:37:41,anime
184,27156,end of the world,1537094269,2018-09-16 10:37:49,end of the world
184,27156,epic,1537094270,2018-09-16 10:37:50,epic
184,27156,mecha,1537094278,2018-09-16 10:37:58,mecha
184,27156,psychology,1537094263,2018-09-16 10:37:43,psychology
184,193565,anime,1537098582,2018-09-16 11:49:42,anime
184,193565,comedy,1537098587,2018-09-16 11:49:47,comedy
184,193565,gintama,1537098603,2018-09-16 11:50:03,gintama
184,193565,remaster,1537098592,2018-09-16 11:49:52,remaster
193,260,classic sci-fi,1435856940,2015-07-02 17:09:00,classic sci-fi
193,260,space action,1435856955,2015-07-02 17:09:15,space action
193,260,space epic,1435856950,2015-07-02 17:09:10,space epic
193,4878,atmospheric,1435857150,2015-07-02 17:12:30,atmospheric
193,4878,cult film,1435857131,2015-07-02 17:12:11,cult film
193,4878,dreamlike,1435857139,2015-07-02 17:12:19,dreamlike
193,4878,hallucinatory,1435857144,2015-07-02 17:12:24,hallucinatory
193,4878,psychological,1435857147,2015-07-02 17:12:27,psychological
193,4878,surreal,1435857128,2015-07-02 17:12:08,surreal
193,4878,time travel,1435857135,2015-07-02 17:12:15,time travel
193,7147,dreamlike,1435857017,2015-07-02 17:10:17,dreamlike
193,7147,sentimental,1435857038,2015-07-02 17:10:38,sentimental
193,7147,surreal,1435857020,2015-07-02 17:10:20,surreal
193,7147,Tim Burton,1435857024,2015-07-02 17:10:24,tim burton
193,7361,alternate reality,1435857168,2015-07-02 17:12:48,alternate reality
193,7361,memory,1435857171,2015-07-02 17:12:51,memory
193,7361,thought-provoking,1435857163,2015-07-02 17:12:43,thought-provoking
193,97938,cinematography,1435857101,2015-07-02 17:11:41,cinematography
193,97938,India,1435857092,2015-07-02 17:11:32,india
193,97938,surreal,1435857076,2015-07-02 17:11:16,surreal
205,260,oldie but goodie,1519899101,2018-03-01 10:11:41,oldie but goodie
205,260,sci-fi,1519899078,2018-03-01 10:11:18,sci-fi
205,260,Star Wars,1519899108,2018-03-01 10:11:48,star wars
226,6938,big wave,1160681362,2006-10-12 19:29:22,big wave
226,6938,surfing,1160681362,2006-10-12 19:29:22,surfing
226,48780,ummarti2006,1161615435,2006-10-23 14:57:15,ummarti2006
256,126548,funny,1447532592,2015-11-14 20:23:12,funny
256,126548,high school,1447532575,2015-11-14 20:22:55,high school
274,68319,comic book,1241762577,2009-05-08 06:02:57,comic book
288,7020,Notable Nudity,1150988077,2006-06-22 14:54:37,notable nudity
289,3,moldy,1143424860,2006-03-27 02:01:00,moldy
289,3,old,1143424860,2006-03-27 02:01:00,old
289,527,moving,1143424895,2006-03-27 02:01:35,moving
289,1101,predictable,1143424846,2006-03-27 02:00:46,predictable
291,50872,a clever chef rat,1453051551,2016-01-17 17:25:51,a clever chef rat
291,50872,inspirational,1453051559,2016-01-17 17:25:59,inspirational
291,102007,animation,1453135047,2016-01-18 16:37:27,animation
291,118696,hope,1453135079,2016-01-18 16:37:59,hope
300,6711,atmospheric,1425352343,2015-03-03 03:12:23,atmospheric
305,4034,drugs,1462919721,2016-05-10 22:35:21,drugs
305,4995,mathematics,1464428783,2016-05-28 09:46:23,mathematics
305,6502,zombies,1525274359,2018-05-02 15:19:19,zombies
305,6953,DEPRESSING,1462398032,2016-05-04 21:40:32,depressing
305,8641,stupid,1520707078,2018-03-10 18:37:58,stupid
305,34405,predictable,1520284921,2018-03-05 21:22:01,predictable
305,55721,Favelas,1462919777,2016-05-10 22:36:17,favelas
305,83134,black comedy,1518811477,2018-02-16 20:04:37,black comedy
318,778,based on a book,1266408710,2010-02-17 12:11:50,based on a book
318,778,dark comedy,1266408707,2010-02-17 12:11:47,dark comedy
318,778,narrated,1266408703,2010-02-17 12:11:43,narrated
318,4612,reciprocal spectator,1416086512,2014-11-15 21:21:52,reciprocal spectator
318,4708,reciprocal spectator,1416086490,2014-11-15 21:21:30,reciprocal spectator
318,6400,documentary,1315333136,2011-09-06 18:18:56,documentary
318,30892,Animation,1240158590,2009-04-19 16:29:50,animation
318,30892,Documentary,1240158551,2009-04-19 16:29:11,documentary
318,30892,Henry Darger,1240158560,2009-04-19 16:29:20,henry darger
318,48698,the catholic church is the most corrupt organization in history,1276006189,2010-06-08 14:09:49,the catholic church is the most corrupt organization in history
318,64034,childish naivity,1242160404,2009-05-12 20:33:24,childish naivity
318,64034,friendship,1242160427,2009-05-12 20:33:47,friendship
318,68954,adventure,1266408634,2010-02-17 12:10:34,adventure
318,68954,Bechdel Test:Fail,1266408641,2010-02-17 12:10:41,bechdel test:fail
318,68954,cartoon,1266408638,2010-02-17 12:10:38,cartoon
318,68954,children,1266408643,2010-02-17 12:10:43,children
318,68954,computer animation,1266408645,2010-02-17 12:10:45,computer animation
318,68954,divorce,1266408656,2010-02-17 12:10:56,divorce
318,68954,dogs,1266408658,2010-02-17 12:10:58,dogs
318,68954,dreams,1266408662,2010-02-17 12:11:02,dreams
318,68954,Pixar,1266408675,2010-02-17 12:11:15,pixar
318,71494,Narrative pisstake,1426783741,2015-03-19 16:49:01,narrative pisstake
318,81158,american idolatry,1299452954,2011-03-06 23:09:14,american idolatry
318,82459,atmospheric,1300485463,2011-03-18 21:57:43,atmospheric
318,82459,Coen Brothers,1300485477,2011-03-18 21:57:57,coen brothers
318,82459,Jeff Bridges,1300485479,2011-03-18 21:57:59,jeff bridges
318,82459,Matt Damon,1300485480,2011-03-18 21:58:00,matt damon
318,82459,predictable,1300485405,2011-03-18 21:56:45,predictable
318,90769,celebrity fetishism,1422524320,2015-01-29 09:38:40,celebrity fetishism
318,90769,mediacentralism,1422524320,2015-01-29 09:38:40,mediacentralism
318,90769,system holism,1422524320,2015-01-29 09:38:40,system holism
318,96084,city politics,1421145735,2015-01-13 10:42:15,city politics
318,96084,italy,1421145735,2015-01-13 10:42:15,italy
318,96084,political right versus left,1421145735,2015-01-13 10:42:15,political right versus left
318,111364,Creature Feature,1414693918,2014-10-30 18:31:58,creature feature
318,118784,documentary,1420400992,2015-01-04 19:49:52,documentary
318,118784,music industry,1420400992,2015-01-04 19:49:52,music industry
318,118784,remix culture,1420400992,2015-01-04 19:49:52,remix culture
318,127172,film history,1423222565,2015-02-06 11:36:05,film history
318,127172,poetic,1423222565,2015-02-06 11:36:05,poetic
318,127172,representation of children,1423222565,2015-02-06 11:36:05,representation of children
319,364,Disney,1461351898,2016-04-22 19:04:58,disney
319,364,Disney animated feature,1461351908,2016-04-22 19:05:08,disney animated feature
319,364,Oscar (Best Music - Original Score),1461351919,2016-04-22 19:05:19,oscar (best music - original score)
327,1288,music,1234790068,2009-02-16 13:14:28,music
327,1923,Ben Stiller,1234789755,2009-02-16 13:09:15,ben stiller
327,2616,comic book,1234789098,2009-02-16 12:58:18,comic book
327,3481,music,1234788257,2009-02-16 12:44:17,music
327,3897,music,1234788979,2009-02-16 12:56:19,music
327,8641,awesome,1234789177,2009-02-16 12:59:37,awesome
327,51255,british comedy,1234789115,2009-02-16 12:58:35,british comedy
336,1,pixar,1139045764,2006-02-04 09:36:04,pixar
336,153,superhero,1139045840,2006-02-04 09:37:20,superhero
336,552,knights,1139045825,2006-02-04 09:37:05,knights
336,1246,highschool,1139046768,2006-02-04 09:52:48,highschool
336,32587,cult,1139046748,2006-02-04 09:52:28,cult
336,33660,boksdrama,1139046203,2006-02-04 09:43:23,boksdrama
336,34162,stiller,1139046811,2006-02-04 09:53:31,stiller
336,36529,wapendrama,1139046289,2006-02-04 09:44:49,wapendrama
336,37729,animation,1139047294,2006-02-04 10:01:34,animation
336,38798,sisters,1139047262,2006-02-04 10:01:02,sisters
341,260,ROBOTS AND ANDROIDS,1439750956,2015-08-16 18:49:16,robots and androids
341,260,space,1439750961,2015-08-16 18:49:21,space
356,2146,post-college,1229142995,2008-12-13 04:36:35,post-college
356,37384,restaurant,1229142458,2008-12-13 04:27:38,restaurant
356,40955,transvestite,1229140689,2008-12-13 03:58:09,transvestite
356,44889,satire,1229140863,2008-12-13 04:01:03,satire
356,61323,dark comedy,1228073481,2008-11-30 19:31:21,dark comedy
357,39,chick flick,1348627867,2012-09-26 02:51:07,chick flick
357,39,funny,1348627869,2012-09-26 02:51:09,funny
357,39,Paul Rudd,1348627871,2012-09-26 02:51:11,paul rudd
357,39,quotable,1348627873,2012-09-26 02:51:13,quotable
357,39,seen more than once,1348627878,2012-09-26 02:51:18,seen more than once
357,1059,Amazing Cinematography,1348627235,2012-09-26 02:40:35,amazing cinematography
357,1059,Leonardo DiCaprio,1348627233,2012-09-26 02:40:33,leonardo dicaprio
357,1059,shakespeare,1348627264,2012-09-26 02:41:04,shakespeare
357,1059,updated classics,1348627243,2012-09-26 02:40:43,updated classics
357,2762,Atmospheric,1348626902,2012-09-26 02:35:02,atmospheric
357,2762,Bruce Willis,1348626919,2012-09-26 02:35:19,bruce willis
357,2762,ghosts,1348626904,2012-09-26 02:35:04,ghosts
357,2762,imdb top 250,1348626908,2012-09-26 02:35:08,imdb top 250
357,2762,mindfuck,1348626910,2012-09-26 02:35:10,mindfuck
357,2762,stylized,1348626915,2012-09-26 02:35:15,stylized
357,2762,twist ending,1348626913,2012-09-26 02:35:13,twist ending
357,4370,android(s)/cyborg(s),1348628642,2012-09-26 03:04:02,android(s)/cyborg(s)
357,4370,artificial intelligence,1348628638,2012-09-26 03:03:58,artificial intelligence
357,4370,Bittersweet,1348628628,2012-09-26 03:03:48,bittersweet
357,4370,Steven Spielberg,1348628635,2012-09-26 03:03:55,steven spielberg
357,5464,cinematography,1348627174,2012-09-26 02:39:34,cinematography
357,5464,Tom Hanks,1348627179,2012-09-26 02:39:39,tom hanks
357,7078,Bette Davis,1348628505,2012-09-26 03:01:45,bette davis
357,7078,Oscar (Best Actress),1348628502,2012-09-26 03:01:42,oscar (best actress)
357,7444,Mark Ruffalo,1348627960,2012-09-26 02:52:40,mark ruffalo
357,7451,clever,1348627907,2012-09-26 02:51:47,clever
357,7451,High School,1348627902,2012-09-26 02:51:42,high school
357,7451,lesbian subtext,1348627909,2012-09-26 02:51:49,lesbian subtext
357,48516,Leonardo DiCaprio,1348627149,2012-09-26 02:39:09,leonardo dicaprio
357,48516,suspense,1348627152,2012-09-26 02:39:12,suspense
357,48516,twist ending,1348627154,2012-09-26 02:39:14,twist ending
357,48516,undercover cop,1348627156,2012-09-26 02:39:16,undercover cop
357,54997,Christian Bale,1348627195,2012-09-26 02:39:55,christian bale
357,55290,Casey Affleck,1348627116,2012-09-26 02:38:36,casey affleck
357,55290,great performances,1348627127,2012-09-26 02:38:47,great performances
357,55290,twist,1348627131,2012-09-26 02:38:51,twist
357,91500,ending,1348626941,2012-09-26 02:35:41,ending
357,91529,Anne Hathaway,1348626758,2012-09-26 02:32:38,anne hathaway
357,91529,Christian Bale,1348626755,2012-09-26 02:32:35,christian bale
357,91529,Christopher Nolan,1348626760,2012-09-26 02:32:40,christopher nolan
357,91529,comic book,1348626775,2012-09-26 02:32:55,comic book
357,91529,great ending,1348626779,2012-09-26 02:32:59,great ending
357,91529,Morgan Freeman,1348626766,2012-09-26 02:32:46,morgan freeman
357,91529,political commentary,1348626786,2012-09-26 02:33:06,political commentary
357,91529,superhero,1348626790,2012-09-26 02:33:10,superhero
419,98961,Afghanistan,1362867327,2013-03-09 22:15:27,afghanistan
419,98961,American propaganda,1362867290,2013-03-09 22:14:50,american propaganda
419,98961,assassination,1362867308,2013-03-09 22:15:08,assassination
419,98961,military,1362867315,2013-03-09 22:15:15,military
419,98961,terrorism,1362867303,2013-03-09 22:15:03,terrorism
424,32,time travel,1457901872,2016-03-13 20:44:32,time travel
424,47,mystery,1457842470,2016-03-13 04:14:30,mystery
424,47,twist ending,1457842458,2016-03-13 04:14:18,twist ending
424,50,mindfuck,1457842328,2016-03-13 04:12:08,mindfuck
424,50,suspense,1457842315,2016-03-13 04:11:55,suspense
424,50,thriller,1457842332,2016-03-13 04:12:12,thriller
424,50,tricky,1457842340,2016-03-13 04:12:20,tricky
424,50,twist ending,1457842306,2016-03-13 04:11:46,twist ending
424,147,addiction,1457901627,2016-03-13 20:40:27,addiction
424,147,heroin,1457901631,2016-03-13 20:40:31,heroin
424,147,Leonardo DiCaprio,1457901625,2016-03-13 20:40:25,leonardo dicaprio
424,147,Mark Wahlberg,1457901624,2016-03-13 20:40:24,mark wahlberg
424,175,controversial,1457901665,2016-03-13 20:41:05,controversial
424,175,New York City,1457901671,2016-03-13 20:41:11,new york city
424,175,Nudity (Full Frontal),1457901668,2016-03-13 20:41:08,nudity (full frontal)
424,223,cynical,1457844066,2016-03-13 04:41:06,cynical
424,223,hilarious,1457844086,2016-03-13 04:41:26,hilarious
424,223,independent film,1457844084,2016-03-13 04:41:24,independent film
424,223,quirky,1457844073,2016-03-13 04:41:13,quirky
424,223,witty,1457844080,2016-03-13 04:41:20,witty
424,260,classic sci-fi,1457900772,2016-03-13 20:26:12,classic sci-fi
424,260,sci-fi,1457900766,2016-03-13 20:26:06,sci-fi
424,260,space adventure,1457900770,2016-03-13 20:26:10,space adventure
424,260,Star Wars,1457900775,2016-03-13 20:26:15,star wars
424,288,brutality,1457846184,2016-03-13 05:16:24,brutality
424,288,controversial,1457846195,2016-03-13 05:16:35,controversial
424,288,dark comedy,1457846180,2016-03-13 05:16:20,dark comedy
424,288,psychedelic,1457846191,2016-03-13 05:16:31,psychedelic
424,288,satire,1457846198,2016-03-13 05:16:38,satire
424,288,stylized,1457846189,2016-03-13 05:16:29,stylized
424,296,cult film,1457844546,2016-03-13 04:49:06,cult film
424,296,drugs,1457844550,2016-03-13 04:49:10,drugs
424,296,Quentin Tarantino,1457844541,2016-03-13 04:49:01,quentin tarantino
424,296,Tarantino,1457844557,2016-03-13 04:49:17,tarantino
424,364,soundtrack,1457845497,2016-03-13 05:04:57,soundtrack
424,527,thought-provoking,1457901041,2016-03-13 20:30:41,thought-provoking
424,541,sci-fi,1457900918,2016-03-13 20:28:38,sci-fi
424,589,apocalypse,1457844854,2016-03-13 04:54:14,apocalypse
424,589,Arnold Schwarzenegger,1457844841,2016-03-13 04:54:01,arnold schwarzenegger
424,589,nuclear war,1457844861,2016-03-13 04:54:21,nuclear war
424,589,sci-fi,1457844847,2016-03-13 04:54:07,sci-fi
424,589,Suspense,1457844864,2016-03-13 04:54:24,suspense
424,589,time travel,1457844843,2016-03-13 04:54:03,time travel
424,608,based on a true story,1457900882,2016-03-13 20:28:02,based on a true story
424,608,dark comedy,1457900870,2016-03-13 20:27:50,dark comedy
424,608,KIDNAPPING,1457900877,2016-03-13 20:27:57,kidnapping
424,608,Steve Buscemi,1457900865,2016-03-13 20:27:45,steve buscemi
424,628,edward norton,1457843774,2016-03-13 04:36:14,edward norton
424,628,psychology,1457843776,2016-03-13 04:36:16,psychology
424,628,suspense,1457843782,2016-03-13 04:36:22,suspense
424,628,thought-provoking,1457843780,2016-03-13 04:36:20,thought-provoking
424,628,twist ending,1457843771,2016-03-13 04:36:11,twist ending
424,1089,ensemble cast,1457844739,2016-03-13 04:52:19,ensemble cast
424,1089,nonlinear,1457844742,2016-03-13 04:52:22,nonlinear
424,1089,Quentin Tarantino,1457844729,2016-03-13 04:52:09,quentin tarantino
424,1089,stylized,1457844737,2016-03-13 04:52:17,stylized
424,1120,freedom of expression,1457845558,2016-03-13 05:05:58,freedom of expression
424,1136,british comedy,1457901498,2016-03-13 20:38:18,british comedy
424,1136,Monty Python,1457901496,2016-03-13 20:38:16,monty python
424,1193,emotional,1457843688,2016-03-13 04:34:48,emotional
424,1193,jack nicholson,1457843684,2016-03-13 04:34:44,jack nicholson
424,1198,adventure,1457901129,2016-03-13 20:32:09,adventure
424,1198,archaeology,1457901464,2016-03-13 20:37:44,archaeology
424,1198,indiana jones,1457901132,2016-03-13 20:32:12,indiana jones
424,1198,Steven Spielberg,1457901466,2016-03-13 20:37:46,steven spielberg
424,1198,treasure hunt,1457901471,2016-03-13 20:37:51,treasure hunt
424,1200,action,1457901258,2016-03-13 20:34:18,action
424,1200,aliens,1457901252,2016-03-13 20:34:12,aliens
424,1200,horror,1457901265,2016-03-13 20:34:25,horror
424,1200,sci-fi,1457901245,2016-03-13 20:34:05,sci-fi
424,1200,space,1457901261,2016-03-13 20:34:21,space
424,1200,space craft,1457901274,2016-03-13 20:34:34,space craft
424,1200,SPACE TRAVEL,1457901269,2016-03-13 20:34:29,space travel
424,1200,suspense,1457901256,2016-03-13 20:34:16,suspense
424,1219,Alfred Hitchcock,1457902455,2016-03-13 20:54:15,alfred hitchcock
424,1219,psychology,1457902459,2016-03-13 20:54:19,psychology
424,1219,suspenseful,1457902452,2016-03-13 20:54:12,suspenseful
424,1219,tense,1457902461,2016-03-13 20:54:21,tense
424,1240,Action,1457901308,2016-03-13 20:35:08,action
424,1240,artificial intelligence,1457901313,2016-03-13 20:35:13,artificial intelligence
424,1240,robots,1457901305,2016-03-13 20:35:05,robots
424,1240,Sci-Fi,1457901302,2016-03-13 20:35:02,sci-fi
424,1240,special effects,1457901322,2016-03-13 20:35:22,special effects
424,1240,tense,1457901319,2016-03-13 20:35:19,tense
424,1240,time travel,1457901300,2016-03-13 20:35:00,time travel
424,1258,atmospheric,1457843344,2016-03-13 04:29:04,atmospheric
424,1258,disturbing,1457843347,2016-03-13 04:29:07,disturbing
424,1258,Horror,1457843352,2016-03-13 04:29:12,horror
424,1258,jack nicholson,1457843340,2016-03-13 04:29:00,jack nicholson
424,1258,masterpiece,1457843354,2016-03-13 04:29:14,masterpiece
424,1258,psychological,1457843342,2016-03-13 04:29:02,psychological
424,1258,Stanley Kubrick,1457843338,2016-03-13 04:28:58,stanley kubrick
424,1258,suspense,1457843361,2016-03-13 04:29:21,suspense
424,1343,horror,1457846257,2016-03-13 05:17:37,horror
424,1343,Juliette Lewis,1457846244,2016-03-13 05:17:24,juliette lewis
424,1343,Martin Scorsese,1457846252,2016-03-13 05:17:32,martin scorsese
424,1343,Robert De Niro,1457846254,2016-03-13 05:17:34,robert de niro
424,1625,mindfuck,1457845252,2016-03-13 05:00:52,mindfuck
424,1625,Mystery,1457845249,2016-03-13 05:00:49,mystery
424,1625,plot twist,1457845255,2016-03-13 05:00:55,plot twist
424,1625,psychological,1457845247,2016-03-13 05:00:47,psychological
424,1625,suspense,1457845258,2016-03-13 05:00:58,suspense
424,1625,twist ending,1457845244,2016-03-13 05:00:44,twist ending
424,1704,inspirational,1457844971,2016-03-13 04:56:11,inspirational
424,1921,hallucinatory,1457902516,2016-03-13 20:55:16,hallucinatory
424,1921,mental illness,1457902477,2016-03-13 20:54:37,mental illness
424,1921,mindfuck,1457902518,2016-03-13 20:55:18,mindfuck
424,1921,paranoid,1457902521,2016-03-13 20:55:21,paranoid
424,1923,Ben Stiller,1457846503,2016-03-13 05:21:43,ben stiller
424,1923,crude humor,1457846506,2016-03-13 05:21:46,crude humor
424,1923,goofy,1457846511,2016-03-13 05:21:51,goofy
424,2160,Atmospheric,1457843300,2016-03-13 04:28:20,atmospheric
424,2160,creepy,1457843317,2016-03-13 04:28:37,creepy
424,2160,paranoia,1457843298,2016-03-13 04:28:18,paranoia
424,2160,scary,1457843295,2016-03-13 04:28:15,scary
424,2160,suspense,1457843308,2016-03-13 04:28:28,suspense
424,2296,SNL,1457846704,2016-03-13 05:25:04,snl
424,2329,thought-provoking,1457843729,2016-03-13 04:35:29,thought-provoking
424,2505,Nicolas Cage,1457902180,2016-03-13 20:49:40,nicolas cage
424,2571,martial arts,1457842912,2016-03-13 04:21:52,martial arts
424,2571,sci-fi,1457842899,2016-03-13 04:21:39,sci-fi
424,2700,adult humor,1457844390,2016-03-13 04:46:30,adult humor
424,2700,controversial,1457844399,2016-03-13 04:46:39,controversial
424,2700,crude humor,1457844397,2016-03-13 04:46:37,crude humor
424,2700,free speech,1457844402,2016-03-13 04:46:42,free speech
424,2700,parody,1457844393,2016-03-13 04:46:33,parody
424,2700,satire,1457844392,2016-03-13 04:46:32,satire
424,2700,south park,1457844407,2016-03-13 04:46:47,south park
424,2700,Trey Parker,1457844412,2016-03-13 04:46:52,trey parker
424,2959,dark comedy,1457842797,2016-03-13 04:19:57,dark comedy
424,2959,psychology,1457842802,2016-03-13 04:20:02,psychology
424,2959,thought-provoking,1457842786,2016-03-13 04:19:46,thought-provoking
424,2959,twist ending,1457842777,2016-03-13 04:19:37,twist ending
424,3176,based on a book,1457845042,2016-03-13 04:57:22,based on a book
424,3176,creepy,1457845033,2016-03-13 04:57:13,creepy
424,3176,disturbing,1457845029,2016-03-13 04:57:09,disturbing
424,3176,Jude Law,1457845026,2016-03-13 04:57:06,jude law
424,3176,murder,1457845038,2016-03-13 04:57:18,murder
424,3176,obsession,1457845036,2016-03-13 04:57:16,obsession
424,3176,psychology,1457845023,2016-03-13 04:57:03,psychology
424,3176,secrets,1457845045,2016-03-13 04:57:25,secrets
424,3176,serial killer,1457845031,2016-03-13 04:57:11,serial killer
424,3176,suspense,1457845041,2016-03-13 04:57:21,suspense
424,3186,asylum,1457846005,2016-03-13 05:13:25,asylum
424,3186,based on a true story,1457846002,2016-03-13 05:13:22,based on a true story
424,3186,Brittany Murphy,1457846009,2016-03-13 05:13:29,brittany murphy
424,3186,Mental Hospital,1457846012,2016-03-13 05:13:32,mental hospital
424,3186,psychology,1457845994,2016-03-13 05:13:14,psychology
424,3186,winona ryder,1457845998,2016-03-13 05:13:18,winona ryder
424,3499,claustrophobic,1457846281,2016-03-13 05:18:01,claustrophobic
424,3499,horror,1457846287,2016-03-13 05:18:07,horror
424,3499,scary,1457846295,2016-03-13 05:18:15,scary
424,3499,stephen king,1457846291,2016-03-13 05:18:11,stephen king
424,3499,suspenseful,1457846279,2016-03-13 05:17:59,suspenseful
424,3499,tense,1457846283,2016-03-13 05:18:03,tense
424,3499,thriller,1457846285,2016-03-13 05:18:05,thriller
424,3527,aliens,1457901283,2016-03-13 20:34:43,aliens
424,3527,sci-fi,1457901285,2016-03-13 20:34:45,sci-fi
424,3527,scifi cult,1457901288,2016-03-13 20:34:48,scifi cult
424,3911,satire,1457844176,2016-03-13 04:42:56,satire
424,3948,comedy,1457846488,2016-03-13 05:21:28,comedy
424,3948,Robert De Niro,1457846484,2016-03-13 05:21:24,robert de niro
424,4226,mystery,1457842983,2016-03-13 04:23:03,mystery
424,4226,psychological,1457842979,2016-03-13 04:22:59,psychological
424,4226,twist ending,1457842977,2016-03-13 04:22:57,twist ending
424,4262,Al Pacino,1457900965,2016-03-13 20:29:25,al pacino
424,4816,ben stiller,1457846960,2016-03-13 05:29:20,ben stiller
424,4816,comedy,1457846970,2016-03-13 05:29:30,comedy
424,4816,David Bowie,1457846952,2016-03-13 05:29:12,david bowie
424,4816,goofy,1457846949,2016-03-13 05:29:09,goofy
424,4816,mindless one liners,1457846956,2016-03-13 05:29:16,mindless one liners
424,4816,Will Ferrell,1457846959,2016-03-13 05:29:19,will ferrell
424,4878,jake gyllenhaal,1457901910,2016-03-13 20:45:10,jake gyllenhaal
424,4993,fantasy,1457901156,2016-03-13 20:32:36,fantasy
424,4993,high fantasy,1457901162,2016-03-13 20:32:42,high fantasy
424,4993,Magic,1457901158,2016-03-13 20:32:38,magic
424,4993,mythology,1457901174,2016-03-13 20:32:54,mythology
424,4993,tolkien,1457901165,2016-03-13 20:32:45,tolkien
424,4993,wizards,1457901168,2016-03-13 20:32:48,wizards
424,5291,black and white,1457845331,2016-03-13 05:02:11,black and white
424,5291,samurai,1457845338,2016-03-13 05:02:18,samurai
424,6016,multiple storylines,1457900999,2016-03-13 20:29:59,multiple storylines
424,6016,true story,1457901005,2016-03-13 20:30:05,true story
424,6188,comedy,1457846098,2016-03-13 05:14:58,comedy
424,6188,Will Ferrell,1457846100,2016-03-13 05:15:00,will ferrell
424,6290,Rob Zombie,1457902367,2016-03-13 20:52:47,rob zombie
424,7361,jim carrey,1457901740,2016-03-13 20:42:20,jim carrey
424,8641,comedy,1457846537,2016-03-13 05:22:17,comedy
424,8641,Will Ferrell,1457846533,2016-03-13 05:22:13,will ferrell
424,8950,Christian Bale,1457842841,2016-03-13 04:20:41,christian bale
424,8950,creepy,1457842847,2016-03-13 04:20:47,creepy
424,8950,powerful ending,1457842857,2016-03-13 04:20:57,powerful ending
424,8950,psychology,1457842844,2016-03-13 04:20:44,psychology
424,8950,schizophrenia,1457842854,2016-03-13 04:20:54,schizophrenia
424,8950,twist ending,1457842837,2016-03-13 04:20:37,twist ending
424,27020,drugs,1457901575,2016-03-13 20:39:35,drugs
424,27020,lesbian,1457901570,2016-03-13 20:39:30,lesbian
424,30825,Ben Stiller,1457846573,2016-03-13 05:22:53,ben stiller
424,30825,Robert De Niro,1457846569,2016-03-13 05:22:49,robert de niro
424,34323,Rob Zombie,1457902355,2016-03-13 20:52:35,rob zombie
424,40278,Jake Gyllenhaal,1457846443,2016-03-13 05:20:43,jake gyllenhaal
424,40278,Modern war,1457846449,2016-03-13 05:20:49,modern war
424,48516,atmospheric,1457843188,2016-03-13 04:26:28,atmospheric
424,48516,Jack Nicholson,1457843173,2016-03-13 04:26:13,jack nicholson
424,48516,Leonardo DiCaprio,1457843178,2016-03-13 04:26:18,leonardo dicaprio
424,48516,Martin Scorsese,1457843176,2016-03-13 04:26:16,martin scorsese
424,48516,suspense,1457843184,2016-03-13 04:26:24,suspense
424,53127,based on a play,1457923334,2016-03-14 02:42:14,based on a play
424,53127,conspiracy theory,1457923313,2016-03-14 02:41:53,conspiracy theory
424,53127,creepy,1457923337,2016-03-14 02:42:17,creepy
424,53127,Insanity,1457923284,2016-03-14 02:41:24,insanity
424,53127,paranoia,1457923318,2016-03-14 02:41:58,paranoia
424,53127,PTSD,1457923256,2016-03-14 02:40:56,ptsd
424,60756,funny,1457846127,2016-03-13 05:15:27,funny
424,60756,will ferrell,1457846129,2016-03-13 05:15:29,will ferrell
424,66097,claymation,1457844468,2016-03-13 04:47:48,claymation
424,66097,creepy,1457844484,2016-03-13 04:48:04,creepy
424,66097,dark,1457844475,2016-03-13 04:47:55,dark
424,66097,dark fairy tale,1457844498,2016-03-13 04:48:18,dark fairy tale
424,66097,Surreal,1457844481,2016-03-13 04:48:01,surreal
424,66097,Tim Burton,1457844494,2016-03-13 04:48:14,tim burton
424,68157,black comedy,1457844667,2016-03-13 04:51:07,black comedy
424,68157,Brad Pitt,1457844663,2016-03-13 04:51:03,brad pitt
424,68157,Christoph Waltz,1457844660,2016-03-13 04:51:00,christoph waltz
424,68157,Quentin Tarantino,1457844652,2016-03-13 04:50:52,quentin tarantino
424,68157,satire,1457844670,2016-03-13 04:51:10,satire
424,74458,insanity,1457843102,2016-03-13 04:25:02,insanity
424,74458,Leonardo DiCaprio,1457843110,2016-03-13 04:25:10,leonardo dicaprio
424,74458,Martin Scorsese,1457843107,2016-03-13 04:25:07,martin scorsese
424,74458,plot twist,1457843104,2016-03-13 04:25:04,plot twist
424,74458,psychological,1457843098,2016-03-13 04:24:58,psychological
424,74458,Psychological Thriller,1457843113,2016-03-13 04:25:13,psychological thriller
424,74458,thought-provoking,1457843122,2016-03-13 04:25:22,thought-provoking
424,79132,action,1457844927,2016-03-13 04:55:27,action
424,79132,alternate reality,1457844911,2016-03-13 04:55:11,alternate reality
424,79132,Leonardo DiCaprio,1457844916,2016-03-13 04:55:16,leonardo dicaprio
424,79132,sci-fi,1457844903,2016-03-13 04:55:03,sci-fi
424,79132,thought-provoking,1457844920,2016-03-13 04:55:20,thought-provoking
424,79132,visually appealing,1457844914,2016-03-13 04:55:14,visually appealing
424,81562,stranded,1457901404,2016-03-13 20:36:44,stranded
424,81591,alter ego,1457845684,2016-03-13 05:08:04,alter ego
424,81591,atmospheric,1457845658,2016-03-13 05:07:38,atmospheric
424,81591,creepy,1457845668,2016-03-13 05:07:48,creepy
424,81591,horror,1457845670,2016-03-13 05:07:50,horror
424,81591,obsession,1457845677,2016-03-13 05:07:57,obsession
424,81591,surreal,1457845661,2016-03-13 05:07:41,surreal
424,102903,illusions,1457845623,2016-03-13 05:07:03,illusions
424,102903,overcomplicated,1457845593,2016-03-13 05:06:33,overcomplicated
424,102903,predictable,1457845596,2016-03-13 05:06:36,predictable
424,102903,stupid ending,1457845587,2016-03-13 05:06:27,stupid ending
424,104879,absorbing,1457846360,2016-03-13 05:19:20,absorbing
424,104879,acting,1457846358,2016-03-13 05:19:18,acting
424,104879,atmospheric,1457846366,2016-03-13 05:19:26,atmospheric
424,104879,Hugh Jackman,1457846364,2016-03-13 05:19:24,hugh jackman
424,104879,Jake Gyllenhaal,1457846355,2016-03-13 05:19:15,jake gyllenhaal
424,104879,morality,1457846368,2016-03-13 05:19:28,morality
424,104879,mystery,1457846378,2016-03-13 05:19:38,mystery
424,104879,thriller,1457846362,2016-03-13 05:19:22,thriller
424,106100,Jared Leto,1457845924,2016-03-13 05:12:04,jared leto
424,106100,social commentary,1457845921,2016-03-13 05:12:01,social commentary
424,106100,uplifting,1457845933,2016-03-13 05:12:13,uplifting
424,106489,fantasy,1457901210,2016-03-13 20:33:30,fantasy
424,106489,Tolkien,1457901214,2016-03-13 20:33:34,tolkien
424,106489,too long,1457901201,2016-03-13 20:33:21,too long
424,109487,Christopher Nolan,1457901805,2016-03-13 20:43:25,christopher nolan
424,109487,sci-fi,1457901808,2016-03-13 20:43:28,sci-fi
424,109487,time-travel,1457901811,2016-03-13 20:43:31,time-travel
424,112515,atmospheric,1457843258,2016-03-13 04:27:38,atmospheric
424,112515,dark,1457843256,2016-03-13 04:27:36,dark
424,112515,Metaphorical,1457843228,2016-03-13 04:27:08,metaphorical
424,112515,psychological,1457843261,2016-03-13 04:27:41,psychological
424,112556,annoying,1457845088,2016-03-13 04:58:08,annoying
424,112556,Stupid ending,1457845155,2016-03-13 04:59:15,stupid ending
435,750,dark comedy,1366676044,2013-04-23 00:14:04,dark comedy
435,2959,dark comedy,1366676088,2013-04-23 00:14:48,dark comedy
435,58559,psychology,1366676040,2013-04-23 00:14:00,psychology
435,58559,superhero,1366676054,2013-04-23 00:14:14,superhero
439,5952,Myth,1436944038,2015-07-15 07:07:18,myth
439,98809,Action,1436944128,2015-07-15 07:08:48,action
439,98809,Myth,1436944141,2015-07-15 07:09:01,myth
462,152711,Cambodia,1478489688,2016-11-07 03:34:48,cambodia
462,152711,crime,1478489709,2016-11-07 03:35:09,crime
462,152711,human rights,1478489696,2016-11-07 03:34:56,human rights
462,152711,murder,1478489701,2016-11-07 03:35:01,murder
462,152711,procedural,1478489713,2016-11-07 03:35:13,procedural
474,1,pixar,1137206825,2006-01-14 02:47:05,pixar
474,2,game,1137375552,2006-01-16 01:39:12,game
474,5,pregnancy,1137373903,2006-01-16 01:11:43,pregnancy
474,5,remake,1137373903,2006-01-16 01:11:43,remake
474,7,remake,1137375642,2006-01-16 01:40:42,remake
474,11,politics,1137374904,2006-01-16 01:28:24,politics
474,11,president,1137374904,2006-01-16 01:28:24,president
474,14,politics,1137375623,2006-01-16 01:40:23,politics
474,14,president,1137375623,2006-01-16 01:40:23,president
474,16,Mafia,1137181640,2006-01-13 19:47:20,mafia
474,17,Jane Austen,1137181153,2006-01-13 19:39:13,jane austen
474,21,Hollywood,1137206178,2006-01-14 02:36:18,hollywood
474,22,serial killer,1137375496,2006-01-16 01:38:16,serial killer
474,25,alcoholism,1138137555,2006-01-24 21:19:15,alcoholism
474,26,Shakespeare,1138137603,2006-01-24 21:20:03,shakespeare
474,28,In Netflix queue,1137201942,2006-01-14 01:25:42,in netflix queue
474,28,Jane Austen,1137180037,2006-01-13 19:20:37,jane austen
474,29,kidnapping,1138137473,2006-01-24 21:17:53,kidnapping
474,31,high school,1137375502,2006-01-16 01:38:22,high school
474,31,teacher,1137375502,2006-01-16 01:38:22,teacher
474,32,time travel,1137206826,2006-01-14 02:47:06,time travel
474,34,Animal movie,1137180956,2006-01-13 19:35:56,animal movie
474,34,pigs,1137205237,2006-01-14 02:20:37,pigs
474,36,death penalty,1137202363,2006-01-14 01:32:43,death penalty
474,36,Nun,1137191227,2006-01-13 22:27:07,nun
474,38,twins,1137373760,2006-01-16 01:09:20,twins
474,39,Emma,1138137492,2006-01-24 21:18:12,emma
474,39,Jane Austen,1138137492,2006-01-24 21:18:12,jane austen
474,40,In Netflix queue,1137202107,2006-01-14 01:28:27,in netflix queue
474,40,South Africa,1137202107,2006-01-14 01:28:27,south africa
474,41,Shakespeare,1138137646,2006-01-24 21:20:46,shakespeare
474,43,England,1138137640,2006-01-24 21:20:40,england
474,45,Journalism,1137206826,2006-01-14 02:47:06,journalism
474,46,wedding,1137375539,2006-01-16 01:38:59,wedding
474,47,serial killer,1137206452,2006-01-14 02:40:52,serial killer
474,50,heist,1137206826,2006-01-14 02:47:06,heist
474,52,adoption,1137206315,2006-01-14 02:38:35,adoption
474,52,prostitution,1137206371,2006-01-14 02:39:31,prostitution
474,58,writing,1138137613,2006-01-24 21:20:13,writing
474,62,music,1137374957,2006-01-16 01:29:17,music
474,92,Jekyll and Hyde,1138137574,2006-01-24 21:19:34,jekyll and hyde
474,96,theater,1138137537,2006-01-24 21:18:57,theater
474,101,crime,1138137460,2006-01-24 21:17:40,crime
474,104,golf,1137374014,2006-01-16 01:13:34,golf
474,107,muppets,1137375573,2006-01-16 01:39:33,muppets
474,110,Scotland,1137180974,2006-01-13 19:36:14,scotland
474,111,assassination,1137206513,2006-01-14 02:41:53,assassination
474,116,Holocaust,1138040398,2006-01-23 18:19:58,holocaust
474,122,dating,1137373679,2006-01-16 01:07:59,dating
474,140,journalism,1137375031,2006-01-16 01:30:31,journalism
474,150,moon,1137205234,2006-01-14 02:20:34,moon
474,150,NASA,1137180977,2006-01-13 19:36:17,nasa
474,150,space,1137205233,2006-01-14 02:20:33,space
474,153,superhero,1137375453,2006-01-16 01:37:33,superhero
474,160,Michael Crichton,1137373726,2006-01-16 01:08:46,michael crichton
474,161,submarine,1138137497,2006-01-24 21:18:17,submarine
474,162,In Netflix queue,1137202038,2006-01-14 01:27:18,in netflix queue
474,185,computers,1137375604,2006-01-16 01:40:04,computers
474,199,Made me cry,1137203124,2006-01-14 01:45:24,made me cry
474,215,generation X,1138040410,2006-01-23 18:20:10,generation x
474,216,school,1137373675,2006-01-16 01:07:55,school
474,222,Ireland,1137181644,2006-01-13 19:47:24,ireland
474,223,generation X,1138137480,2006-01-24 21:18:00,generation x
474,224,mental illness,1138137516,2006-01-24 21:18:36,mental illness
474,224,psychology,1138137516,2006-01-24 21:18:36,psychology
474,230,Stephen King,1138137506,2006-01-24 21:18:26,stephen king
474,232,In Netflix queue,1137201027,2006-01-14 01:10:27,in netflix queue
474,235,movie business,1137181651,2006-01-13 19:47:31,movie business
474,237,basketball,1138137528,2006-01-24 21:18:48,basketball
474,237,France,1138137528,2006-01-24 21:18:48,france
474,237,infertility,1138137528,2006-01-24 21:18:48,infertility
474,246,basketball,1137784780,2006-01-20 19:19:40,basketball
474,247,Australia,1137181666,2006-01-13 19:47:46,australia
474,249,Beethoven,1137181672,2006-01-13 19:47:52,beethoven
474,252,Einstein,1137374021,2006-01-16 01:13:41,einstein
474,257,court,1137375555,2006-01-16 01:39:15,court
474,260,darth vader,1137206494,2006-01-14 02:41:34,darth vader
474,260,luke skywalker,1137206496,2006-01-14 02:41:36,luke skywalker
474,260,space opera,1137206504,2006-01-14 02:41:44,space opera
474,261,Louisa May Alcott,1137181688,2006-01-13 19:48:08,louisa may alcott
474,262,England,1137206203,2006-01-14 02:36:43,england
474,262,Girl Power,1137206203,2006-01-14 02:36:43,girl power
474,262,India,1137206203,2006-01-14 02:36:43,india
474,272,England,1138137566,2006-01-24 21:19:26,england
474,272,mental illness,1138137566,2006-01-24 21:19:26,mental illness
474,277,Christmas,1137374027,2006-01-16 01:13:47,christmas
474,279,In Netflix queue,1137202159,2006-01-14 01:29:19,in netflix queue
474,280,prison,1137375585,2006-01-16 01:39:45,prison
474,282,disability,1137375594,2006-01-16 01:39:54,disability
474,282,twins,1137375594,2006-01-16 01:39:54,twins
474,290,In Netflix queue,1137201907,2006-01-14 01:25:07,in netflix queue
474,293,hit men,1138137619,2006-01-24 21:20:19,hit men
474,296,hit men,1137205001,2006-01-14 02:16:41,hit men
474,300,TV,1137206376,2006-01-14 02:39:36,tv
474,307,Death,1137203087,2006-01-14 01:44:47,death
474,308,marriage,1137206827,2006-01-14 02:47:07,marriage
474,316,time travel,1138137673,2006-01-24 21:21:13,time travel
474,317,Christmas,1137374047,2006-01-16 01:14:07,christmas
474,318,prison,1137205060,2006-01-14 02:17:40,prison
474,318,Stephen King,1137181171,2006-01-13 19:39:31,stephen king
474,318,wrongful imprisonment,1137205064,2006-01-14 02:17:44,wrongful imprisonment
474,326,In Netflix queue,1137201797,2006-01-14 01:23:17,in netflix queue
474,329,Enterprise,1137206491,2006-01-14 02:41:31,enterprise
474,337,mental illness,1137206828,2006-01-14 02:47:08,mental illness
474,338,serial killer,1137375662,2006-01-16 01:41:02,serial killer
474,339,coma,1138137781,2006-01-24 21:23:01,coma
474,342,Australia,1138137593,2006-01-24 21:19:53,australia
474,342,weddings,1138137593,2006-01-24 21:19:53,weddings
474,345,cross dressing,1138040381,2006-01-23 18:19:41,cross dressing
474,345,men in drag,1138040381,2006-01-23 18:19:41,men in drag
474,345,remade,1138040381,2006-01-23 18:19:41,remade
474,349,Tom Clancy,1137180961,2006-01-13 19:36:01,tom clancy
474,350,John Grisham,1137375482,2006-01-16 01:38:02,john grisham
474,351,interracial romance,1137374008,2006-01-16 01:13:28,interracial romance
474,356,shrimp,1137375519,2006-01-16 01:38:39,shrimp
474,356,Vietnam,1137375519,2006-01-16 01:38:39,vietnam
474,357,wedding,1137375527,2006-01-16 01:38:47,wedding
474,361,gambling,1138137551,2006-01-24 21:19:11,gambling
474,363,Holocaust,1137202123,2006-01-14 01:28:43,holocaust
474,363,In Netflix queue,1137202123,2006-01-14 01:28:43,in netflix queue
474,364,Disney,1137180959,2006-01-13 19:35:59,disney
474,371,journalism,1137375629,2006-01-16 01:40:29,journalism
474,377,bus,1137206476,2006-01-14 02:41:16,bus
474,380,spies,1137206826,2006-01-14 02:47:06,spies
474,381,alcoholism,1137375043,2006-01-16 01:30:43,alcoholism
474,412,Edith Wharton,1137181633,2006-01-13 19:47:13,edith wharton
474,421,horses,1138040415,2006-01-23 18:20:15,horses
474,425,mental illness,1138040434,2006-01-23 18:20:34,mental illness
474,425,Oscar (Best Actress),1138040434,2006-01-23 18:20:34,oscar (best actress)
474,440,President,1137191329,2006-01-13 22:28:49,president
474,454,John Grisham,1137181658,2006-01-13 19:47:38,john grisham
474,457,based on a TV show,1137784717,2006-01-20 19:18:37,based on a tv show
474,471,hula hoop,1137375547,2006-01-16 01:39:07,hula hoop
474,474,assassination,1138137543,2006-01-24 21:19:03,assassination
474,475,Ireland,1137181677,2006-01-13 19:47:57,ireland
474,477,biopic,1138137776,2006-01-24 21:22:56,biopic
474,480,Dinosaur,1137202921,2006-01-14 01:42:01,dinosaur
474,488,Japan,1137375570,2006-01-16 01:39:30,japan
474,488,sexuality,1137375570,2006-01-16 01:39:30,sexuality
474,497,Shakespeare,1137181143,2006-01-13 19:39:03,shakespeare
474,500,cross dressing,1137374959,2006-01-16 01:29:19,cross dressing
474,500,divorce,1137374961,2006-01-16 01:29:21,divorce
474,500,men in drag,1137374967,2006-01-16 01:29:27,men in drag
474,508,AIDs,1137375634,2006-01-16 01:40:34,aids
474,513,radio,1138137637,2006-01-24 21:20:37,radio
474,513,show business,1138137637,2006-01-24 21:20:37,show business
474,515,Butler,1137202599,2006-01-14 01:36:39,butler
474,515,Housekeeper,1137202599,2006-01-14 01:36:39,housekeeper
474,516,military,1137374250,2006-01-16 01:17:30,military
474,522,Australia,1138137660,2006-01-24 21:21:00,australia
474,522,racism,1138137660,2006-01-24 21:21:00,racism
474,522,violence,1138137660,2006-01-24 21:21:00,violence
474,524,football,1137375002,2006-01-16 01:30:02,football
474,527,Holocaust,1137180970,2006-01-13 19:36:10,holocaust
474,529,chess,1137181705,2006-01-13 19:48:25,chess
474,531,In Netflix queue,1137201896,2006-01-14 01:24:56,in netflix queue
474,534,C.S. Lewis,1137181163,2006-01-13 19:39:23,c.s. lewis
474,535,large cast,1137206471,2006-01-14 02:41:11,large cast
474,538,race,1138137665,2006-01-24 21:21:05,race
474,539,Empire State Building,1137203041,2006-01-14 01:44:01,empire state building
474,541,robots,1137375464,2006-01-16 01:37:44,robots
474,543,beat poetry,1137203057,2006-01-14 01:44:17,beat poetry
474,551,Christmas,1137375615,2006-01-16 01:40:15,christmas
474,551,Halloween,1137375615,2006-01-16 01:40:15,halloween
474,556,politics,1137375666,2006-01-16 01:41:06,politics
474,562,adolescence,1137206827,2006-01-14 02:47:07,adolescence
474,586,christmas,1137374182,2006-01-16 01:16:22,christmas
474,587,overrated,1137180951,2006-01-13 19:35:51,overrated
474,588,Disney,1137180971,2006-01-13 19:36:11,disney
474,589,robots,1137206517,2006-01-14 02:41:57,robots
474,590,American Indians,1137180976,2006-01-13 19:36:16,american indians
474,590,Native Americans,1137180976,2006-01-13 19:36:16,native americans
474,592,superhero,1137206164,2006-01-14 02:36:04,superhero
474,593,Hannibal Lector,1137180982,2006-01-13 19:36:22,hannibal lector
474,594,Disney,1137375648,2006-01-16 01:40:48,disney
474,595,Disney,1137180963,2006-01-13 19:36:03,disney
474,596,Disney,1137374224,2006-01-16 01:17:04,disney
474,597,prostitution,1137206324,2006-01-14 02:38:44,prostitution
474,608,Coen Brothers,1137180968,2006-01-13 19:36:08,coen brothers
474,616,Disney,1138040401,2006-01-23 18:20:01,disney
474,628,priest,1137375884,2006-01-16 01:44:44,priest
474,638,babies,1137375798,2006-01-16 01:43:18,babies
474,647,Gulf War,1137375718,2006-01-16 01:41:58,gulf war
474,648,based on a TV show,1138137584,2006-01-24 21:19:44,based on a tv show
474,668,India,1138137607,2006-01-24 21:20:07,india
474,670,India,1137181320,2006-01-13 19:42:00,india
474,671,spoof,1138137597,2006-01-24 21:19:57,spoof
474,673,Bugs Bunny,1137373978,2006-01-16 01:12:58,bugs bunny
474,708,Veterinarian,1137203107,2006-01-14 01:45:07,veterinarian
474,720,Aardman,1137206828,2006-01-14 02:47:08,aardman
474,728,In Netflix queue,1137202096,2006-01-14 01:28:16,in netflix queue
474,733,Alcatraz,1137206418,2006-01-14 02:40:18,alcatraz
474,736,Disaster,1137180960,2006-01-13 19:36:00,disaster
474,745,Aardman,1137206827,2006-01-14 02:47:07,aardman
474,748,aliens,1138137820,2006-01-24 21:23:40,aliens
474,750,Atomic bomb,1137202888,2006-01-14 01:41:28,atomic bomb
474,778,drug abuse,1137191490,2006-01-13 22:31:30,drug abuse
474,780,aliens,1137206181,2006-01-14 02:36:21,aliens
474,800,In Netflix queue,1137201974,2006-01-14 01:26:14,in netflix queue
474,805,John Grisham,1137375969,2006-01-16 01:46:09,john grisham
474,818,based on a TV show,1137375996,2006-01-16 01:46:36,based on a tv show
474,830,adultery,1137374123,2006-01-16 01:15:23,adultery
474,832,kidnapping,1137374242,2006-01-16 01:17:22,kidnapping
474,838,Jane Austen,1137375748,2006-01-16 01:42:28,jane austen
474,852,golf,1137374262,2006-01-16 01:17:42,golf
474,858,Mafia,1137180955,2006-01-13 19:35:55,mafia
474,892,Shakespeare,1137375988,2006-01-16 01:46:28,shakespeare
474,898,divorce,1137206322,2006-01-14 02:38:42,divorce
474,899,movie business,1137181713,2006-01-13 19:48:33,movie business
474,900,France,1138137809,2006-01-24 21:23:29,france
474,902,Capote,1138137849,2006-01-24 21:24:09,capote
474,903,falling,1137205255,2006-01-14 02:20:55,falling
474,904,voyeurism,1137206380,2006-01-14 02:39:40,voyeurism
474,905,Screwball,1137202499,2006-01-14 01:34:59,screwball
474,906,Brooch,1137191231,2006-01-13 22:27:11,brooch
474,907,divorce,1137375780,2006-01-16 01:43:00,divorce
474,908,Mount Rushmore,1138137968,2006-01-24 21:26:08,mount rushmore
474,909,adultery,1137206162,2006-01-14 02:36:02,adultery
474,910,men in drag,1137191481,2006-01-13 22:31:21,men in drag
474,911,heist,1138306780,2006-01-26 20:19:40,heist
474,912,start of a beautiful friendship,1137202319,2006-01-14 01:31:59,start of a beautiful friendship
474,913,statue,1137206229,2006-01-14 02:37:09,statue
474,914,George Bernard Shaw,1137202973,2006-01-14 01:42:53,george bernard shaw
474,915,rich guy - poor girl,1137206449,2006-01-14 02:40:49,rich guy - poor girl
474,916,Italy,1137206429,2006-01-14 02:40:29,italy
474,916,royalty,1137206429,2006-01-14 02:40:29,royalty
474,918,1900s,1138137949,2006-01-24 21:25:49,1900s
474,919,Dorothy,1137205270,2006-01-14 02:21:10,dorothy
474,919,Toto,1137205270,2006-01-14 02:21:10,toto
474,920,Civil War,1137374145,2006-01-16 01:15:45,civil war
474,921,television,1137375857,2006-01-16 01:44:17,television
474,922,movies,1137207406,2006-01-14 02:56:46,movies
474,923,Rosebud,1137202868,2006-01-14 01:41:08,rosebud
474,924,Hal,1137368035,2006-01-15 23:33:55,hal
474,924,space,1137368035,2006-01-15 23:33:55,space
474,926,Hollywood,1137202821,2006-01-14 01:40:21,hollywood
474,927,divorce,1137368140,2006-01-15 23:35:40,divorce
474,928,Mrs. DeWinter,1137202590,2006-01-14 01:36:30,mrs. dewinter
474,929,Europe,1140441887,2006-02-20 13:24:47,europe
474,929,journalism,1140441887,2006-02-20 13:24:47,journalism
474,929,war,1140441887,2006-02-20 13:24:47,war
474,930,assassination,1137207035,2006-01-14 02:50:35,assassination
474,931,amnesia,1138137999,2006-01-24 21:26:39,amnesia
474,934,wedding,1137375767,2006-01-16 01:42:47,wedding
474,936,Cold War,1137521228,2006-01-17 18:07:08,cold war
474,936,Russia,1137521228,2006-01-17 18:07:08,russia
474,938,prostitution,1137374937,2006-01-16 01:28:57,prostitution
474,940,swashbuckler,1138137798,2006-01-24 21:23:18,swashbuckler
474,941,swashbuckler,1138137943,2006-01-24 21:25:43,swashbuckler
474,943,ghosts,1138306878,2006-01-26 20:21:18,ghosts
474,944,Shangri-La,1137207008,2006-01-14 02:50:08,shangri-la
474,945,Astaire and Rogers,1137181301,2006-01-13 19:41:41,astaire and rogers
474,947,butler,1137521096,2006-01-17 18:04:56,butler
474,947,homeless,1137521096,2006-01-17 18:04:56,homeless
474,947,screwball,1137521103,2006-01-17 18:05:03,screwball
474,948,oil,1137206938,2006-01-14 02:48:58,oil
474,950,Nick and Nora Charles,1137200994,2006-01-14 01:09:54,nick and nora charles
474,951,Screwball,1137202906,2006-01-14 01:41:46,screwball
474,952,race,1137375685,2006-01-16 01:41:25,race
474,953,Christmas,1138137927,2006-01-24 21:25:27,christmas
474,954,Politics,1137202956,2006-01-14 01:42:36,politics
474,955,leopard,1137368052,2006-01-15 23:34:12,leopard
474,955,screwball,1137368052,2006-01-15 23:34:12,screwball
474,956,adoption,1137207058,2006-01-14 02:50:58,adoption
474,965,fugitive,1137206861,2006-01-14 02:47:41,fugitive
474,968,zombies,1137181787,2006-01-13 19:49:47,zombies
474,969,missionary,1137202249,2006-01-14 01:30:49,missionary
474,970,crime,1138306770,2006-01-26 20:19:30,crime
474,971,Tennessee Williams,1138137870,2006-01-24 21:24:30,tennessee williams
474,973,journalism,1138306956,2006-01-26 20:22:36,journalism
474,976,Hemingway,1137375762,2006-01-16 01:42:42,hemingway
474,986,Animal movie,1137181755,2006-01-13 19:49:15,animal movie
474,991,Ireland,1137375821,2006-01-16 01:43:41,ireland
474,994,food,1138137832,2006-01-24 21:23:52,food
474,1006,death penalty,1138137880,2006-01-24 21:24:40,death penalty
474,1006,John Grisham,1138137880,2006-01-24 21:24:40,john grisham
474,1010,Disney,1137375809,2006-01-16 01:43:29,disney
474,1010,race,1137375809,2006-01-16 01:43:29,race
474,1013,twins,1137375864,2006-01-16 01:44:24,twins
474,1022,Disney,1137181749,2006-01-13 19:49:09,disney
474,1025,Disney,1137375959,2006-01-16 01:45:59,disney
474,1025,King Arthur,1137375959,2006-01-16 01:45:59,king arthur
474,1028,Disney,1137375815,2006-01-16 01:43:35,disney
474,1028,nanny,1137375815,2006-01-16 01:43:35,nanny
474,1029,Disney,1137375741,2006-01-16 01:42:21,disney
474,1030,Disney,1137374219,2006-01-16 01:16:59,disney
474,1032,Disney,1137374073,2006-01-16 01:14:33,disney
474,1033,Disney,1137202900,2006-01-14 01:41:40,disney
474,1035,Rogers and Hammerstein,1137181179,2006-01-13 19:39:39,rogers and hammerstein
474,1041,In Netflix queue,1137201463,2006-01-14 01:17:43,in netflix queue
474,1042,Music,1137203070,2006-01-14 01:44:30,music
474,1059,Shakespeare,1137181313,2006-01-13 19:41:53,shakespeare
474,1066,Astaire and Rogers,1137181830,2006-01-13 19:50:30,astaire and rogers
474,1068,anti-Semitism,1138306851,2006-01-26 20:20:51,anti-semitism
474,1076,governess,1137521394,2006-01-17 18:09:54,governess
474,1079,fish,1137202895,2006-01-14 01:41:35,fish
474,1080,Bible,1137375841,2006-01-16 01:44:01,bible
474,1080,parody,1137375841,2006-01-16 01:44:01,parody
474,1080,religion,1137375841,2006-01-16 01:44:01,religion
474,1081,cross dressing,1138138013,2006-01-24 21:26:53,cross dressing
474,1082,politics,1138137861,2006-01-24 21:24:21,politics
474,1084,1920s,1138137844,2006-01-24 21:24:04,1920s
474,1084,gangsters,1138137844,2006-01-24 21:24:04,gangsters
474,1088,dance,1138306856,2006-01-26 20:20:56,dance
474,1088,music,1138306856,2006-01-26 20:20:56,music
474,1089,heist,1137207100,2006-01-14 02:51:40,heist
474,1089,violence,1137207100,2006-01-14 02:51:40,violence
474,1090,Vietnam,1138137990,2006-01-24 21:26:30,vietnam
474,1093,1960s,1137375736,2006-01-16 01:42:16,1960s
474,1093,Jim Morrison,1137375736,2006-01-16 01:42:16,jim morrison
474,1093,music,1137375736,2006-01-16 01:42:16,music
474,1096,Holocaust,1137375015,2006-01-16 01:30:15,holocaust
474,1097,aliens,1137521204,2006-01-17 18:06:44,aliens
474,1101,Navy,1138138004,2006-01-24 21:26:44,navy
474,1103,1950s,1137207088,2006-01-14 02:51:28,1950s
474,1103,adolescence,1137207088,2006-01-14 02:51:28,adolescence
474,1104,Tennessee Williams,1137207146,2006-01-14 02:52:26,tennessee williams
474,1124,aging,1137207041,2006-01-14 02:50:41,aging
474,1125,Clousseau,1137375898,2006-01-16 01:44:58,clousseau
474,1135,military,1137374233,2006-01-16 01:17:13,military
474,1136,England,1137202949,2006-01-14 01:42:29,england
474,1136,King Arthur,1137202949,2006-01-14 01:42:29,king arthur
474,1147,boxing,1137201093,2006-01-14 01:11:33,boxing
474,1147,In Netflix queue,1137201093,2006-01-14 01:11:33,in netflix queue
474,1148,Aardman,1137368133,2006-01-15 23:35:33,aardman
474,1171,politics,1137181738,2006-01-13 19:48:58,politics
474,1177,Italy,1137191228,2006-01-13 22:27:08,italy
474,1178,court,1137521169,2006-01-17 18:06:09,court
474,1178,military,1137521169,2006-01-17 18:06:09,military
474,1179,crime,1138306883,2006-01-26 20:21:23,crime
474,1183,adultery,1137374103,2006-01-16 01:15:03,adultery
474,1185,In Netflix queue,1137201055,2006-01-14 01:10:55,in netflix queue
474,1187,disability,1137207053,2006-01-14 02:50:53,disability
474,1188,Australia,1137202649,2006-01-14 01:37:29,australia
474,1188,dance,1137202649,2006-01-14 01:37:29,dance
474,1189,In Netflix queue,1137201133,2006-01-14 01:12:13,in netflix queue
474,1189,police,1137201133,2006-01-14 01:12:13,police
474,1193,mental illness,1138137985,2006-01-24 21:26:25,mental illness
474,1196,I am your father,1137202639,2006-01-14 01:37:19,i am your father
474,1196,space,1137205077,2006-01-14 02:17:57,space
474,1196,space opera,1137205075,2006-01-14 02:17:55,space opera
474,1197,Inigo Montoya,1137202999,2006-01-14 01:43:19,inigo montoya
474,1197,six-fingered man,1137202999,2006-01-14 01:43:19,six-fingered man
474,1198,archaeology,1137784496,2006-01-20 19:14:56,archaeology
474,1198,ark of the covenant,1137207066,2006-01-14 02:51:06,ark of the covenant
474,1198,indiana jones,1137207064,2006-01-14 02:51:04,indiana jones
474,1200,space,1138137801,2006-01-24 21:23:21,space
474,1201,spaghetti western,1138137912,2006-01-24 21:25:12,spaghetti western
474,1203,court,1137206845,2006-01-14 02:47:25,court
474,1204,Middle East,1137206997,2006-01-14 02:49:57,middle east
474,1206,brainwashing,1138137889,2006-01-24 21:24:49,brainwashing
474,1207,Harper Lee,1137191542,2006-01-13 22:32:22,harper lee
474,1207,racism,1137191542,2006-01-13 22:32:22,racism
474,1208,Vietnam,1138137816,2006-01-24 21:23:36,vietnam
474,1209,spaghetti western,1138137976,2006-01-24 21:26:16,spaghetti western
474,1210,darth vader,1137207127,2006-01-14 02:52:07,darth vader
474,1210,luke skywalker,1137207127,2006-01-14 02:52:07,luke skywalker
474,1210,space opera,1137207127,2006-01-14 02:52:07,space opera
474,1212,ferris wheel,1137201067,2006-01-14 01:11:07,ferris wheel
474,1212,Venice,1143683500,2006-03-30 01:51:40,venice
474,1212,zither,1143683500,2006-03-30 01:51:40,zither
474,1213,Mafia,1138137920,2006-01-24 21:25:20,mafia
474,1214,aliens,1137766234,2006-01-20 14:10:34,aliens
474,1217,samurai,1137207077,2006-01-14 02:51:17,samurai
474,1219,Norman Bates,1137203028,2006-01-14 01:43:48,norman bates
474,1220,Saturday Night Live,1137375705,2006-01-16 01:41:45,saturday night live
474,1221,Mafia,1137181066,2006-01-13 19:37:46,mafia
474,1222,Vietnam,1137181761,2006-01-13 19:49:21,vietnam
474,1223,moon,1137205261,2006-01-14 02:21:01,moon
474,1224,Shakespeare,1137181778,2006-01-13 19:49:38,shakespeare
474,1225,Mozart,1137181247,2006-01-13 19:40:47,mozart
474,1225,Salieri,1137181247,2006-01-13 19:40:47,salieri
474,1228,boxing,1137375891,2006-01-16 01:44:51,boxing
474,1230,New York,1137206872,2006-01-14 02:47:52,new york
474,1231,NASA,1137181802,2006-01-13 19:50:02,nasa
474,1231,space,1137207104,2006-01-14 02:51:44,space
474,1233,submarine,1138137835,2006-01-24 21:23:55,submarine
474,1234,The Entertainer,1137520998,2006-01-17 18:03:18,the entertainer
474,1235,May-December romance,1137206961,2006-01-14 02:49:21,may-december romance
474,1237,chess,1137375008,2006-01-16 01:30:08,chess
474,1237,death,1137375008,2006-01-16 01:30:08,death
474,1240,robots,1137368088,2006-01-15 23:34:48,robots
474,1242,Civil War,1137181272,2006-01-13 19:41:12,civil war
474,1243,Shakespeare sort of,1137181815,2006-01-13 19:50:15,shakespeare sort of
474,1244,black and white,1138306904,2006-01-26 20:21:44,black and white
474,1245,Mafia,1137375832,2006-01-16 01:43:52,mafia
474,1246,High School,1137191334,2006-01-13 22:28:54,high school
474,1247,Simon and Garfunkel,1137181084,2006-01-13 19:38:04,simon and garfunkel
474,1249,hit men,1138137899,2006-01-24 21:24:59,hit men
474,1250,POW,1137206891,2006-01-14 02:48:11,pow
474,1252,incest,1137521080,2006-01-17 18:04:40,incest
474,1253,aliens,1137206910,2006-01-14 02:48:30,aliens
474,1254,Cold,1137203094,2006-01-14 01:44:54,cold
474,1257,skiing,1137375698,2006-01-16 01:41:38,skiing
474,1258,Stephen King,1137181824,2006-01-13 19:50:24,stephen king
474,1259,Stephen King,1137181838,2006-01-13 19:50:38,stephen king
474,1260,serial killer,1137207017,2006-01-14 02:50:17,serial killer
474,1262,POW,1137206951,2006-01-14 02:49:11,pow
474,1263,Vietnam,1137375724,2006-01-16 01:42:04,vietnam
474,1266,revenge,1138031666,2006-01-23 15:54:26,revenge
474,1267,assassination,1137207027,2006-01-14 02:50:27,assassination
474,1267,brainwashing,1137207027,2006-01-14 02:50:27,brainwashing
474,1269,murder,1138137828,2006-01-24 21:23:48,murder
474,1270,time travel,1137202832,2006-01-14 01:40:32,time travel
474,1272,World War II,1137181795,2006-01-13 19:49:55,world war ii
474,1276,prison,1137520930,2006-01-17 18:02:10,prison
474,1277,In Netflix queue,1137201859,2006-01-14 01:24:19,in netflix queue
474,1278,spoof,1138031675,2006-01-23 15:54:35,spoof
474,1280,In Netflix queue,1137201087,2006-01-14 01:11:27,in netflix queue
474,1281,Nazis,1137206944,2006-01-14 02:49:04,nazis
474,1282,Disney,1137375752,2006-01-16 01:42:32,disney
474,1283,gunfight,1138306895,2006-01-26 20:21:35,gunfight
474,1284,Hammett,1138306774,2006-01-26 20:19:34,hammett
474,1285,high school,1137368062,2006-01-15 23:34:22,high school
474,1288,heavy metal,1137368105,2006-01-15 23:35:05,heavy metal
474,1288,mockumentary,1137368105,2006-01-15 23:35:05,mockumentary
474,1288,music,1137368105,2006-01-15 23:35:05,music
474,1291,archaeology,1137206982,2006-01-14 02:49:42,archaeology
474,1291,Holy Grail,1137206982,2006-01-14 02:49:42,holy grail
474,1292,television,1137206878,2006-01-14 02:47:58,television
474,1293,India,1137191587,2006-01-13 22:33:07,india
474,1296,E. M. Forster,1137191679,2006-01-13 22:34:39,e. m. forster
474,1299,Cambodia,1138137933,2006-01-24 21:25:33,cambodia
474,1299,Vietnam,1138137933,2006-01-24 21:25:33,vietnam
474,1301,Shakespeare sort of,1138306870,2006-01-26 20:21:10,shakespeare sort of
474,1301,space,1138306870,2006-01-26 20:21:10,space
474,1302,baseball,1138137903,2006-01-24 21:25:03,baseball
474,1303,India,1138031736,2006-01-23 15:55:36,india
474,1304,crime,1138137854,2006-01-24 21:24:14,crime
474,1307,New York,1137202686,2006-01-14 01:38:06,new york
474,1333,birds,1137202841,2006-01-14 01:40:41,birds
474,1343,remake,1137181261,2006-01-13 19:41:01,remake
474,1344,lawyer,1137202856,2006-01-14 01:40:56,lawyer
474,1345,high school,1137784649,2006-01-20 19:17:29,high school
474,1345,prom,1137784649,2006-01-20 19:17:29,prom
474,1345,Stephen King,1137784649,2006-01-20 19:17:29,stephen king
474,1348,vampires,1137374972,2006-01-16 01:29:32,vampires
474,1350,demons,1137368289,2006-01-15 23:38:09,demons
474,1353,personals ads,1137202938,2006-01-14 01:42:18,personals ads
474,1354,religion,1137202850,2006-01-14 01:40:50,religion
474,1356,Borg,1137202633,2006-01-14 01:37:13,borg
474,1358,ex-con,1137203050,2006-01-14 01:44:10,ex-con
474,1361,In Netflix queue,1137201059,2006-01-14 01:10:59,in netflix queue
474,1363,religion,1137374986,2006-01-16 01:29:46,religion
474,1366,Arthur Miller,1137191572,2006-01-13 22:32:52,arthur miller
474,1367,dogs,1137374063,2006-01-16 01:14:23,dogs
474,1367,remake,1137374063,2006-01-16 01:14:23,remake
474,1372,Klingons,1137203064,2006-01-14 01:44:24,klingons
474,1374,Captain Kirk,1138031870,2006-01-23 15:57:50,captain kirk
474,1376,whales,1137368320,2006-01-15 23:38:40,whales
474,1377,superhero,1137374089,2006-01-16 01:14:49,superhero
474,1380,high school,1137368225,2006-01-15 23:37:05,high school
474,1381,high school,1137374154,2006-01-16 01:15:54,high school
474,1387,Shark,1137202913,2006-01-14 01:41:53,shark
474,1389,shark,1137373926,2006-01-16 01:12:06,shark
474,1393,sports,1137205489,2006-01-14 02:24:49,sports
474,1394,Coen Brothers,1137181415,2006-01-13 19:43:35,coen brothers
474,1396,spying,1138031853,2006-01-23 15:57:33,spying
474,1398,Hemingway,1137374949,2006-01-16 01:29:09,hemingway
474,1407,slasher,1138031814,2006-01-23 15:56:54,slasher
474,1407,spoof,1138031814,2006-01-23 15:56:54,spoof
474,1408,Hawkeye,1137368264,2006-01-15 23:37:44,hawkeye
474,1408,James Fennimore Cooper,1137368264,2006-01-15 23:37:44,james fennimore cooper
474,1411,Shakespeare,1137191597,2006-01-13 22:33:17,shakespeare
474,1413,Conan,1137205643,2006-01-14 02:27:23,conan
474,1416,Andrew Lloyd Weber,1137374117,2006-01-16 01:15:17,andrew lloyd weber
474,1423,In Netflix queue,1137202085,2006-01-14 01:28:05,in netflix queue
474,1423,Vietnam,1137202085,2006-01-14 01:28:05,vietnam
474,1441,mental illness,1137375694,2006-01-16 01:41:34,mental illness
474,1446,In Netflix queue,1137201854,2006-01-14 01:24:14,in netflix queue
474,1449,mockumentary,1137368329,2006-01-15 23:38:49,mockumentary
474,1466,Mafia,1137191577,2006-01-13 22:32:57,mafia
474,1474,jungle,1137374191,2006-01-16 01:16:31,jungle
474,1485,lawyer,1137375802,2006-01-16 01:43:22,lawyer
474,1496,Tolstoy,1137191560,2006-01-13 22:32:40,tolstoy
474,1500,hit men,1137368241,2006-01-15 23:37:21,hit men
474,1500,reunion,1137368241,2006-01-15 23:37:21,reunion
474,1513,reunion,1137375929,2006-01-16 01:45:29,reunion
474,1537,ballroom dance,1137368308,2006-01-15 23:38:28,ballroom dance
474,1542,In Netflix queue,1137202048,2006-01-14 01:27:28,in netflix queue
474,1544,dinosaurs,1137373781,2006-01-16 01:09:41,dinosaurs
474,1545,death,1138031807,2006-01-23 15:56:47,death
474,1569,weddings,1138031775,2006-01-23 15:56:15,weddings
474,1573,transplants,1137205452,2006-01-14 02:24:12,transplants
474,1580,aliens,1137205519,2006-01-14 02:25:19,aliens
474,1586,military,1137374138,2006-01-16 01:15:38,military
474,1608,president,1137375681,2006-01-16 01:41:21,president
474,1610,Tom Clancy,1137191607,2006-01-13 22:33:27,tom clancy
474,1617,Police,1137191242,2006-01-13 22:27:22,police
474,1625,twist ending,1138031717,2006-01-23 15:55:17,twist ending
474,1635,1970s,1137191612,2006-01-13 22:33:32,1970s
474,1643,England,1137375849,2006-01-16 01:44:09,england
474,1643,Queen Victoria,1137375849,2006-01-16 01:44:09,queen victoria
474,1645,lawyers,1137374095,2006-01-16 01:14:55,lawyers
474,1650,Henry James,1138031883,2006-01-23 15:58:03,henry james
474,1653,future,1137205460,2006-01-14 02:24:20,future
474,1663,military,1137375949,2006-01-16 01:45:49,military
474,1672,In Netflix queue,1137202154,2006-01-14 01:29:14,in netflix queue
474,1674,Amish,1137521041,2006-01-17 18:04:01,amish
474,1680,alternate universe,1138031846,2006-01-23 15:57:26,alternate universe
474,1682,TV,1137205617,2006-01-14 02:26:57,tv
474,1683,Henry James,1137181445,2006-01-13 19:44:05,henry james
474,1711,Savannah,1137374207,2006-01-16 01:16:47,savannah
474,1717,sequel,1138031833,2006-01-23 15:57:13,sequel
474,1717,slasher,1138031824,2006-01-23 15:57:04,slasher
474,1717,spoof,1138031824,2006-01-23 15:57:04,spoof
474,1719,Canada,1139838573,2006-02-13 13:49:33,canada
474,1719,death,1139838573,2006-02-13 13:49:33,death
474,1721,shipwreck,1138031879,2006-01-23 15:57:59,shipwreck
474,1732,Coen Brothers,1138306661,2006-01-26 20:17:41,coen brothers
474,1735,Charles Dickens,1137374163,2006-01-16 01:16:03,charles dickens
474,1748,amnesia,1138031699,2006-01-23 15:54:59,amnesia
474,1777,1980s,1137205630,2006-01-14 02:27:10,1980s
474,1797,In Netflix queue,1137201971,2006-01-14 01:26:11,in netflix queue
474,1810,politics,1137374994,2006-01-16 01:29:54,politics
474,1834,twist ending,1138031861,2006-01-23 15:57:41,twist ending
474,1836,No DVD at Netflix,1137179444,2006-01-13 19:10:44,no dvd at netflix
474,1893,In Netflix queue,1137201105,2006-01-14 01:11:45,in netflix queue
474,1900,In Netflix queue,1137201889,2006-01-14 01:24:49,in netflix queue
474,1902,generation X,1138031706,2006-01-23 15:55:06,generation x
474,1909,conspiracy,1137205667,2006-01-14 02:27:47,conspiracy
474,1912,heist,1138031795,2006-01-23 15:56:35,heist
474,1913,Australia,1137191654,2006-01-13 22:34:14,australia
474,1917,space,1137373862,2006-01-16 01:11:02,space
474,1921,mathematics,1138031797,2006-01-23 15:56:37,mathematics
474,1931,ships,1138031771,2006-01-23 15:56:11,ships
474,1938,alcoholism,1137766211,2006-01-20 14:10:11,alcoholism
474,1940,anti-Semitism,1137368219,2006-01-15 23:36:59,anti-semitism
474,1940,Judaism,1137368219,2006-01-15 23:36:59,judaism
474,1942,Huey Long,1137201047,2006-01-14 01:10:47,huey long
474,1942,In Netflix queue,1137201047,2006-01-14 01:10:47,in netflix queue
474,1942,Robert Penn Warren,1137201047,2006-01-14 01:10:47,robert penn warren
474,1945,boxing,1137191644,2006-01-13 22:34:04,boxing
474,1945,coulda been a contender,1137191644,2006-01-13 22:34:04,coulda been a contender
474,1947,Gangs,1137202674,2006-01-14 01:37:54,gangs
474,1950,racism,1137520942,2006-01-17 18:02:22,racism
474,1951,Dickens,1137191634,2006-01-13 22:33:54,dickens
474,1952,prostitution,1138031755,2006-01-23 15:55:55,prostitution
474,1953,drugs,1137368199,2006-01-15 23:36:39,drugs
474,1953,police,1137368199,2006-01-15 23:36:39,police
474,1954,boxing,1137191671,2006-01-13 22:34:31,boxing
474,1954,sports,1137191671,2006-01-13 22:34:31,sports
474,1955,divorce,1137181397,2006-01-13 19:43:17,divorce
474,1957,Olympics,1137181069,2006-01-13 19:37:49,olympics
474,1957,sports,1137181069,2006-01-13 19:37:49,sports
474,1959,adultery,1138031923,2006-01-23 15:58:43,adultery
474,1959,Africa,1138031923,2006-01-23 15:58:43,africa
474,1960,China,1137368246,2006-01-15 23:37:26,china
474,1961,autism,1137191663,2006-01-13 22:34:23,autism
474,1962,rasicm,1137368186,2006-01-15 23:36:26,rasicm
474,1975,Jason,1137374129,2006-01-16 01:15:29,jason
474,1976,Jason,1137373611,2006-01-16 01:06:51,jason
474,1977,Jason,1137373908,2006-01-16 01:11:48,jason
474,1978,Jason,1137373605,2006-01-16 01:06:45,jason
474,1979,Jason,1137373625,2006-01-16 01:07:05,jason
474,1983,halloween,1137374175,2006-01-16 01:16:15,halloween
474,1984,halloween,1137374180,2006-01-16 01:16:20,halloween
474,1994,ghosts,1138031804,2006-01-23 15:56:44,ghosts
474,1995,ghosts,1137374228,2006-01-16 01:17:08,ghosts
474,1996,ghosts,1137373825,2006-01-16 01:10:25,ghosts
474,1997,demons,1137368191,2006-01-15 23:36:31,demons
474,2006,California,1138031745,2006-01-23 15:55:45,california
474,2006,Mexico,1138031745,2006-01-23 15:55:45,mexico
474,2011,time travel,1137374084,2006-01-16 01:14:44,time travel
474,2019,samurai,1137368312,2006-01-15 23:38:32,samurai
474,2020,adultery,1137368176,2006-01-15 23:36:16,adultery
474,2022,Bible,1137202075,2006-01-14 01:27:55,bible
474,2022,Katzanzakis,1143683469,2006-03-30 01:51:09,katzanzakis
474,2028,World War II,1137180952,2006-01-13 19:35:52,world war ii
474,2054,Disney,1138032013,2006-01-23 16:00:13,disney
474,2058,police,1138032116,2006-01-23 16:01:56,police
474,2059,twins,1137374214,2006-01-16 01:16:54,twins
474,2064,General Motors,1138032156,2006-01-23 16:02:36,general motors
474,2064,Michigan,1138032156,2006-01-23 16:02:36,michigan
474,2065,In Netflix queue,1137202057,2006-01-14 01:27:37,in netflix queue
474,2066,memory,1138032133,2006-01-23 16:02:13,memory
474,2070,music,1137191821,2006-01-13 22:37:01,music
474,2071,AIDs,1137200442,2006-01-14 01:00:42,aids
474,2071,In Netflix queue,1137200442,2006-01-14 01:00:42,in netflix queue
474,2076,sexuality,1137418851,2006-01-16 13:40:51,sexuality
474,2076,suburbia,1137418851,2006-01-16 13:40:51,suburbia
474,2078,Disney,1138032023,2006-01-23 16:00:23,disney
474,2080,Disney,1138032086,2006-01-23 16:01:26,disney
474,2085,Disney,1137191781,2006-01-13 22:36:21,disney
474,2097,carnival,1138559451,2006-01-29 18:30:51,carnival
474,2097,Ray Bradbury,1138559451,2006-01-29 18:30:51,ray bradbury
474,2100,mermaid,1137191808,2006-01-13 22:36:48,mermaid
474,2108,weather forecaster,1138032081,2006-01-23 16:01:21,weather forecaster
474,2114,S.E. Hinton,1137191789,2006-01-13 22:36:29,s.e. hinton
474,2115,archaeology,1137784519,2006-01-20 19:15:19,archaeology
474,2116,Tolkein,1137374427,2006-01-16 01:20:27,tolkein
474,2118,Stephen King,1137191728,2006-01-13 22:35:28,stephen king
474,2121,Stephen King,1137374355,2006-01-16 01:19:15,stephen king
474,2122,Stephen King,1137373696,2006-01-16 01:08:16,stephen king
474,2139,mice,1137521184,2006-01-17 18:06:24,mice
474,2145,1980s,1138032148,2006-01-23 16:02:28,1980s
474,2145,high school,1138032148,2006-01-23 16:02:28,high school
474,2160,demons,1138032159,2006-01-23 16:02:39,demons
474,2167,vampires,1137374320,2006-01-16 01:18:40,vampires
474,2171,aquarium,1137202573,2006-01-14 01:36:13,aquarium
474,2171,Boston,1137202573,2006-01-14 01:36:13,boston
474,2171,personals ads,1137202573,2006-01-14 01:36:13,personals ads
474,2186,murder,1137205604,2006-01-14 02:26:44,murder
474,2187,theater,1140467428,2006-02-20 20:30:28,theater
474,2194,Capone,1138032218,2006-01-23 16:03:38,capone
474,2194,gangsters,1138032218,2006-01-23 16:03:38,gangsters
474,2202,survival,1137205513,2006-01-14 02:25:13,survival
474,2203,small towns,1138032173,2006-01-23 16:02:53,small towns
474,2206,paranoia,1137205610,2006-01-14 02:26:50,paranoia
474,2208,train,1137271242,2006-01-14 20:40:42,train
474,2243,journalism,1137205380,2006-01-14 02:23:00,journalism
474,2247,Mafia,1137374432,2006-01-16 01:20:32,mafia
474,2248,In Your Eyes,1137202613,2006-01-14 01:36:53,in your eyes
474,2248,Lloyd Dobbler,1137202613,2006-01-14 01:36:53,lloyd dobbler
474,2249,Mafia,1137374445,2006-01-16 01:20:45,mafia
474,2268,court,1137191761,2006-01-13 22:36:01,court
474,2268,military,1137191761,2006-01-13 22:36:01,military
474,2291,freaks,1137205437,2006-01-14 02:23:57,freaks
474,2295,Screwball,1137202461,2006-01-14 01:34:21,screwball
474,2300,Broadway,1137205562,2006-01-14 02:26:02,broadway
474,2302,court,1137374439,2006-01-16 01:20:39,court
474,2310,adolescence,1138032095,2006-01-23 16:01:35,adolescence
474,2312,death penalty,1137374919,2006-01-16 01:28:39,death penalty
474,2313,freaks,1137205442,2006-01-14 02:24:02,freaks
474,2324,Holocaust,1137181119,2006-01-13 19:38:39,holocaust
474,2329,racism,1138031951,2006-01-23 15:59:11,racism
474,2334,terrorism,1138032178,2006-01-23 16:02:58,terrorism
474,2335,football,1137374560,2006-01-16 01:22:40,football
474,2336,England,1137191737,2006-01-13 22:35:37,england
474,2351,In Netflix queue,1137202131,2006-01-14 01:28:51,in netflix queue
474,2355,Pixar,1137191711,2006-01-13 22:35:11,pixar
474,2357,South America,1137205389,2006-01-14 02:23:09,south america
474,2360,In Netflix queue,1137201464,2006-01-14 01:17:44,in netflix queue
474,2390,In Netflix queue,1137202019,2006-01-14 01:26:59,in netflix queue
474,2391,heist,1138032185,2006-01-23 16:03:05,heist
474,2394,Bible,1137191285,2006-01-13 22:28:05,bible
474,2394,Moses,1137202582,2006-01-14 01:36:22,moses
474,2396,England,1137191800,2006-01-13 22:36:40,england
474,2410,boxing,1137374485,2006-01-16 01:21:25,boxing
474,2411,boxing,1137373840,2006-01-16 01:10:40,boxing
474,2412,boxing,1137373964,2006-01-16 01:12:44,boxing
474,2420,martial arts,1138032051,2006-01-23 16:00:51,martial arts
474,2421,martial arts,1137374406,2006-01-16 01:20:06,martial arts
474,2422,martial arts,1137374411,2006-01-16 01:20:11,martial arts
474,2423,christmas,1137373883,2006-01-16 01:11:23,christmas
474,2424,e-mail,1137202717,2006-01-14 01:38:37,e-mail
474,2424,remake,1137202717,2006-01-14 01:38:37,remake
474,2431,doctors,1137373812,2006-01-16 01:10:12,doctors
474,2442,In Netflix queue,1137201903,2006-01-14 01:25:03,in netflix queue
474,2463,kidnapping,1137374497,2006-01-16 01:21:37,kidnapping
474,2467,religion,1140703344,2006-02-23 14:02:24,religion
474,2470,Australia,1137374348,2006-01-16 01:19:08,australia
474,2471,Australia,1137373731,2006-01-16 01:08:51,australia
474,2491,food,1137374514,2006-01-16 01:21:54,food
474,2494,Holocaust,1137179426,2006-01-13 19:10:26,holocaust
474,2494,Hungary,1137179426,2006-01-13 19:10:26,hungary
474,2502,stapler,1138032123,2006-01-23 16:02:03,stapler
474,2502,workplace,1138032129,2006-01-23 16:02:09,workplace
474,2506,disability,1137374460,2006-01-16 01:21:00,disability
474,2517,Stephen King,1137373705,2006-01-16 01:08:25,stephen king
474,2529,twist ending,1138032140,2006-01-23 16:02:20,twist ending
474,2550,ghosts,1138032008,2006-01-23 16:00:08,ghosts
474,2553,evil children,1138038893,2006-01-23 17:54:53,evil children
474,2554,evil children,1138038892,2006-01-23 17:54:52,evil children
474,2565,Siam,1137191238,2006-01-13 22:27:18,siam
474,2571,alternate universe,1137204991,2006-01-14 02:16:31,alternate universe
474,2572,Shakespeare sort of,1137374893,2006-01-16 01:28:13,shakespeare sort of
474,2579,black and white,1138032056,2006-01-23 16:00:56,black and white
474,2581,high school,1138032122,2006-01-23 16:02:02,high school
474,2583,southern US,1138031988,2006-01-23 15:59:48,southern us
474,2598,golfing,1137374470,2006-01-16 01:21:10,golfing
474,2600,virtual reality,1138031996,2006-01-23 15:59:56,virtual reality
474,2612,motherhood,1138032112,2006-01-23 16:01:52,motherhood
474,2628,prequel,1138032197,2006-01-23 16:03:17,prequel
474,2628,the Force,1138032197,2006-01-23 16:03:17,the force
474,2640,superhero,1138032200,2006-01-23 16:03:20,superhero
474,2641,superhero,1138032201,2006-01-23 16:03:21,superhero
474,2642,superhero,1137373986,2006-01-16 01:13:06,superhero
474,2648,In Netflix queue,1137200966,2006-01-14 01:09:26,in netflix queue
474,2660,aliens,1137521194,2006-01-17 18:06:34,aliens
474,2664,1950s,1138032017,2006-01-23 16:00:17,1950s
474,2677,In Netflix queue,1137202023,2006-01-14 01:27:03,in netflix queue
474,2692,alternate endings,1138032166,2006-01-23 16:02:46,alternate endings
474,2693,Star Trek,1138032207,2006-01-23 16:03:27,star trek
474,2699,spiders,1137373650,2006-01-16 01:07:30,spiders
474,2710,claims to be true,1138031976,2006-01-23 15:59:36,claims to be true
474,2710,video,1138031976,2006-01-23 15:59:36,video
474,2712,sexuality,1138032003,2006-01-23 16:00:03,sexuality
474,2716,ghosts,1137205464,2006-01-14 02:24:24,ghosts
474,2717,Ghosts,1137373633,2006-01-16 01:07:13,ghosts
474,2719,remake,1137373916,2006-01-16 01:11:56,remake
474,2723,superhero,1137205533,2006-01-14 02:25:33,superhero
474,2726,heist,1137205507,2006-01-14 02:25:07,heist
474,2728,crucifixion,1137520905,2006-01-17 18:01:45,crucifixion
474,2728,Rome,1137520896,2006-01-17 18:01:36,rome
474,2728,slavery,1137520896,2006-01-17 18:01:36,slavery
474,2745,Missionary,1137202541,2006-01-14 01:35:41,missionary
474,2745,Priest,1137191266,2006-01-13 22:27:46,priest
474,2750,nostalgia,1137443255,2006-01-16 20:27:35,nostalgia
474,2750,radio,1137443255,2006-01-16 20:27:35,radio
474,2761,robots,1138032019,2006-01-23 16:00:19,robots
474,2762,ghosts,1137205068,2006-01-14 02:17:48,ghosts
474,2762,I see dead people,1137202627,2006-01-14 01:37:07,i see dead people
474,2787,Stephen King,1137374342,2006-01-16 01:19:02,stephen king
474,2791,aviation,1138031941,2006-01-23 15:59:01,aviation
474,2791,spoof,1138031941,2006-01-23 15:59:01,spoof
474,2797,children,1138032265,2006-01-23 16:04:25,children
474,2801,gambling,1137205541,2006-01-14 02:25:41,gambling
474,2803,lawyers,1137374982,2006-01-16 01:29:42,lawyers
474,2804,Christmas,1137191720,2006-01-13 22:35:20,christmas
474,2827,aliens,1137374307,2006-01-16 01:18:27,aliens
474,2863,Beatles,1138032352,2006-01-23 16:05:52,beatles
474,2871,river,1138032293,2006-01-23 16:04:53,river
474,2872,England,1137191745,2006-01-13 22:35:45,england
474,2872,King Arthur,1137191745,2006-01-13 22:35:45,king arthur
474,2905,In Netflix queue,1137201967,2006-01-14 01:26:07,in netflix queue
474,2915,prostitution,1137374478,2006-01-16 01:21:18,prostitution
474,2918,High School,1137191753,2006-01-13 22:35:53,high school
474,2919,Academy award (Best Supporting Actress),1137367916,2006-01-15 23:31:56,academy award (best supporting actress)
474,2919,Indonesia,1137367916,2006-01-15 23:31:56,indonesia
474,2919,journalism,1137367916,2006-01-15 23:31:56,journalism
474,2927,adultery,1138032272,2006-01-23 16:04:32,adultery
474,2935,gambling,1138032373,2006-01-23 16:06:13,gambling
474,2937,screwball,1137205550,2006-01-14 02:25:50,screwball
474,2939,In Netflix queue,1137202140,2006-01-14 01:29:00,in netflix queue
474,2940,nightclub,1138032341,2006-01-23 16:05:41,nightclub
474,2941,island,1138032457,2006-01-23 16:07:37,island
474,2943,Vietnam,1138804253,2006-02-01 14:30:53,vietnam
474,2952,gambling,1137191914,2006-01-13 22:38:34,gambling
474,2959,violence,1137205034,2006-01-14 02:17:14,violence
474,2966,brothers,1138032507,2006-01-23 16:08:27,brothers
474,2966,lawn mower,1138032507,2006-01-23 16:08:27,lawn mower
474,2967,evil children,1138038912,2006-01-23 17:55:12,evil children
474,2968,time travel,1138032520,2006-01-23 16:08:40,time travel
474,2987,live action/animation,1138032544,2006-01-23 16:09:04,live action/animation
474,3000,anime,1138032418,2006-01-23 16:06:58,anime
474,3006,tobacco,1138032361,2006-01-23 16:06:01,tobacco
474,3006,true story,1138032361,2006-01-23 16:06:01,true story
474,3007,In Netflix queue,1137201930,2006-01-14 01:25:30,in netflix queue
474,3011,dance marathon,1137191967,2006-01-13 22:39:27,dance marathon
474,3028,Shakespeare,1137374544,2006-01-16 01:22:24,shakespeare
474,3030,samurai,1138032553,2006-01-23 16:09:13,samurai
474,3039,class,1138032532,2006-01-23 16:08:52,class
474,3040,camp,1137373789,2006-01-16 01:09:49,camp
474,3044,memory,1137202357,2006-01-14 01:32:37,memory
474,3044,music,1137202357,2006-01-14 01:32:37,music
474,3052,religion,1137191859,2006-01-13 22:37:39,religion
474,3060,In Netflix queue,1137201892,2006-01-14 01:24:52,in netflix queue
474,3071,high school,1137375023,2006-01-16 01:30:23,high school
474,3072,New York,1137191274,2006-01-13 22:27:54,new york
474,3077,In Netflix queue,1137201542,2006-01-14 01:19:02,in netflix queue
474,3077,Up series,1137201543,2006-01-14 01:19:03,up series
474,3081,Ichabod Crane,1137374535,2006-01-16 01:22:15,ichabod crane
474,3087,christmas,1137271226,2006-01-14 20:40:26,christmas
474,3087,new york,1137271222,2006-01-14 20:40:22,new york
474,3095,depression,1137205475,2006-01-14 02:24:35,depression
474,3095,dust bowl,1137205475,2006-01-14 02:24:35,dust bowl
474,3097,remade,1138032435,2006-01-23 16:07:15,remade
474,3098,baseball,1137201875,2006-01-14 01:24:35,baseball
474,3098,sports,1137201875,2006-01-14 01:24:35,sports
474,3101,adultery,1138032312,2006-01-23 16:05:12,adultery
474,3108,homeless,1137374925,2006-01-16 01:28:45,homeless
474,3111,racism,1138032385,2006-01-23 16:06:25,racism
474,3114,Pixar,1138032529,2006-01-23 16:08:49,pixar
474,3115,men in drag,1137191883,2006-01-13 22:38:03,men in drag
474,3125,Graham Greene,1137191874,2006-01-13 22:37:54,graham greene
474,3135,fatherhood,1138032346,2006-01-23 16:05:46,fatherhood
474,3147,Stephen King,1137191901,2006-01-13 22:38:21,stephen king
474,3152,black-and-white,1137521245,2006-01-17 18:07:25,black-and-white
474,3160,L.A.,1137202527,2006-01-14 01:35:27,l.a.
474,3174,Andy Kaufman,1137191943,2006-01-13 22:39:03,andy kaufman
474,3175,spoof,1138032315,2006-01-23 16:05:15,spoof
474,3176,Europe,1137202659,2006-01-14 01:37:39,europe
474,3176,murder,1137202659,2006-01-14 01:37:39,murder
474,3178,boxing,1137374389,2006-01-16 01:19:49,boxing
474,3181,Shakespeare,1137179352,2006-01-13 19:09:12,shakespeare
474,3192,In Netflix queue,1137201464,2006-01-14 01:17:44,in netflix queue
474,3210,high school,1137374381,2006-01-16 01:19:41,high school
474,3211,a dingo ate my baby,1137191854,2006-01-13 22:37:34,a dingo ate my baby
474,3211,Australia,1137191854,2006-01-13 22:37:34,australia
474,3247,nuns,1137374526,2006-01-16 01:22:06,nuns
474,3250,In Netflix queue,1137202163,2006-01-14 01:29:23,in netflix queue
474,3258,plastic surgery,1137375095,2006-01-16 01:31:35,plastic surgery
474,3259,Ireland,1137375116,2006-01-16 01:31:56,ireland
474,3260,E.M. Forster,1137181368,2006-01-13 19:42:48,e.m. forster
474,3263,basketball,1137374566,2006-01-16 01:22:46,basketball
474,3270,figure skating,1137375084,2006-01-16 01:31:24,figure skating
474,3273,slasher,1138032428,2006-01-23 16:07:08,slasher
474,3273,spoof,1138032428,2006-01-23 16:07:08,spoof
474,3281,sexuality,1137374330,2006-01-16 01:18:50,sexuality
474,3306,big top,1137205399,2006-01-14 02:23:19,big top
474,3306,circus,1137205399,2006-01-14 02:23:19,circus
474,3307,blind,1137205412,2006-01-14 02:23:32,blind
474,3310,orphans,1138032366,2006-01-23 16:06:06,orphans
474,3317,writing,1138032548,2006-01-23 16:09:08,writing
474,3330,adolescence,1138032469,2006-01-23 16:07:49,adolescence
474,3330,sexuality,1138032498,2006-01-23 16:08:18,sexuality
474,3338,In Netflix queue,1137201680,2006-01-14 01:21:20,in netflix queue
474,3341,remade,1138032286,2006-01-23 16:04:46,remade
474,3360,basketball,1137784798,2006-01-20 19:19:58,basketball
474,3384,subway,1138032512,2006-01-23 16:08:32,subway
474,3385,Peace Corp,1137374553,2006-01-16 01:22:33,peace corp
474,3386,politics,1137191934,2006-01-13 22:38:54,politics
474,3386,president,1137191934,2006-01-13 22:38:54,president
474,3408,scandal,1138032304,2006-01-23 16:05:04,scandal
474,3408,true story,1138032304,2006-01-23 16:05:04,true story
474,3420,lawyers,1137375055,2006-01-16 01:30:55,lawyers
474,3421,college,1137374581,2006-01-16 01:23:01,college
474,3421,TOGA,1137374587,2006-01-16 01:23:07,toga
474,3424,racism,1137191865,2006-01-13 22:37:45,racism
474,3429,aardman,1140626569,2006-02-22 16:42:49,aardman
474,3435,Insurance,1137520877,2006-01-17 18:01:17,insurance
474,3447,Pearl S Buck,1137191895,2006-01-13 22:38:15,pearl s buck
474,3451,Hepburn and Tracy,1137181361,2006-01-13 19:42:41,hepburn and tracy
474,3451,interracial marriage,1137205479,2006-01-14 02:24:39,interracial marriage
474,3451,prejudice,1137205481,2006-01-14 02:24:41,prejudice
474,3451,racism,1137205477,2006-01-14 02:24:37,racism
474,3456,In Netflix queue,1137201463,2006-01-14 01:17:43,in netflix queue
474,3461,island,1138032377,2006-01-23 16:06:17,island
474,3462,factory,1137205526,2006-01-14 02:25:26,factory
474,3468,pool,1137521005,2006-01-17 18:03:25,pool
474,3469,court,1137375171,2006-01-16 01:32:51,court
474,3469,evolution,1137375171,2006-01-16 01:32:51,evolution
474,3469,religion,1137375171,2006-01-16 01:32:51,religion
474,3475,class,1138032413,2006-01-23 16:06:53,class
474,3481,Nick Hornby,1137181093,2006-01-13 19:38:13,nick hornby
474,3489,Peter Pan,1137191920,2006-01-13 22:38:40,peter pan
474,3498,In Netflix queue,1137201900,2006-01-14 01:25:00,in netflix queue
474,3502,death,1137375216,2006-01-16 01:33:36,death
474,3504,journalism,1137191950,2006-01-13 22:39:10,journalism
474,3507,In Netflix queue,1137200453,2006-01-14 01:00:53,in netflix queue
474,3512,transplants,1137205572,2006-01-14 02:26:12,transplants
474,3515,alternate endings,1138032711,2006-01-23 16:11:51,alternate endings
474,3526,families,1138032724,2006-01-23 16:12:04,families
474,3528,psychiatrist,1137374751,2006-01-16 01:25:51,psychiatrist
474,3536,priest,1137181376,2006-01-13 19:42:56,priest
474,3536,rabbi,1137181376,2006-01-13 19:42:56,rabbi
474,3546,show business,1138032886,2006-01-23 16:14:46,show business
474,3548,1920s,1137205331,2006-01-14 02:22:11,1920s
474,3549,Gambling,1137191235,2006-01-13 22:27:15,gambling
474,3552,golf,1137374630,2006-01-16 01:23:50,golf
474,3556,1970s,1138032871,2006-01-23 16:14:31,1970s
474,3556,suicide,1138032871,2006-01-23 16:14:31,suicide
474,3559,In Netflix queue,1137202015,2006-01-14 01:26:55,in netflix queue
474,3566,business,1137205342,2006-01-14 02:22:22,business
474,3566,religion,1137205342,2006-01-14 02:22:22,religion
474,3608,Pee Wee Herman,1138032732,2006-01-23 16:12:12,pee wee herman
474,3629,mining,1138032660,2006-01-23 16:11:00,mining
474,3675,Christmas,1137205636,2006-01-14 02:27:16,christmas
474,3676,In Netflix queue,1137202167,2006-01-14 01:29:27,in netflix queue
474,3683,Coen Brothers,1137521124,2006-01-17 18:05:24,coen brothers
474,3712,television,1137375317,2006-01-16 01:35:17,television
474,3723,Shakespeare,1137191908,2006-01-13 22:38:28,shakespeare
474,3724,Vietnam,1137201954,2006-01-14 01:25:54,vietnam
474,3730,spying,1138032598,2006-01-23 16:09:58,spying
474,3735,police,1138032794,2006-01-23 16:13:14,police
474,3793,superhero,1137205670,2006-01-14 02:27:50,superhero
474,3801,court,1137191841,2006-01-13 22:37:21,court
474,3811,court,1138032584,2006-01-23 16:09:44,court
474,3816,missing children,1138032720,2006-01-23 16:12:00,missing children
474,3844,diabetes,1137375348,2006-01-16 01:35:48,diabetes
474,3849,disability,1138032820,2006-01-23 16:13:40,disability
474,3859,In Netflix queue,1137201554,2006-01-14 01:19:14,in netflix queue
474,3859,televangelist,1137201554,2006-01-14 01:19:14,televangelist
474,3877,superhero,1137374791,2006-01-16 01:26:31,superhero
474,3897,journalism,1137205322,2006-01-14 02:22:02,journalism
474,3897,music,1137205322,2006-01-14 02:22:02,music
474,3897,Rolling Stone,1137205322,2006-01-14 02:22:02,rolling stone
474,3910,blindness,1138032613,2006-01-23 16:10:13,blindness
474,3910,factory,1138032613,2006-01-23 16:10:13,factory
474,3911,Dogs,1137181343,2006-01-13 19:42:23,dogs
474,3932,invisibility,1138032669,2006-01-23 16:11:09,invisibility
474,3949,drug abuse,1137192093,2006-01-13 22:41:33,drug abuse
474,3951,In Netflix queue,1137179732,2006-01-13 19:15:32,in netflix queue
474,3967,ballet,1137191989,2006-01-13 22:39:49,ballet
474,3983,family,1137205683,2006-01-14 02:28:03,family
474,3988,Dr. Seuss,1137373756,2006-01-16 01:09:16,dr. seuss
474,3994,superhero,1137205619,2006-01-14 02:26:59,superhero
474,3996,china,1138032606,2006-01-23 16:10:06,china
474,3996,martial arts,1138032600,2006-01-23 16:10:00,martial arts
474,4007,business,1138032878,2006-01-23 16:14:38,business
474,4012,stand-up comedy,1137374767,2006-01-16 01:26:07,stand-up comedy
474,4019,writing,1138032630,2006-01-23 16:10:30,writing
474,4024,Edith Wharton,1137375144,2006-01-16 01:32:24,edith wharton
474,4025,pageant,1137374719,2006-01-16 01:25:19,pageant
474,4027,bluegrass,1137520959,2006-01-17 18:02:39,bluegrass
474,4029,movies,1137205589,2006-01-14 02:26:29,movies
474,4034,based on a TV show,1137784729,2006-01-20 19:18:49,based on a tv show
474,4046,Quakers,1138032635,2006-01-23 16:10:35,quakers
474,4077,psychopaths,1138039049,2006-01-23 17:57:29,psychopaths
474,4105,zombies,1137374672,2006-01-16 01:24:32,zombies
474,4113,Tennessee Williams,1137192025,2006-01-13 22:40:25,tennessee williams
474,4117,In Netflix queue,1137200919,2006-01-14 01:08:39,in netflix queue
474,4138,demons,1137373794,2006-01-16 01:09:54,demons
474,4160,death penalty,1137205651,2006-01-14 02:27:31,death penalty
474,4164,homeless,1138032589,2006-01-23 16:09:49,homeless
474,4164,New York,1138032589,2006-01-23 16:09:49,new york
474,4166,reality TV,1137374777,2006-01-16 01:26:17,reality tv
474,4171,Eugene O'Neill,1137192041,2006-01-13 22:40:41,eugene o'neill
474,4174,In Netflix queue,1137200882,2006-01-14 01:08:02,in netflix queue
474,4184,Christmas,1138032577,2006-01-23 16:09:37,christmas
474,4189,Bible,1137375121,2006-01-16 01:32:01,bible
474,4189,religion,1137375121,2006-01-16 01:32:01,religion
474,4190,preacher,1137520919,2006-01-17 18:01:59,preacher
474,4190,religion,1137520919,2006-01-17 18:01:59,religion
474,4191,sexuality,1138032573,2006-01-23 16:09:33,sexuality
474,4194,In Netflix queue,1137201575,2006-01-14 01:19:35,in netflix queue
474,4204,virginity,1137373770,2006-01-16 01:09:30,virginity
474,4210,Hannibal Lecter,1139059882,2006-02-04 13:31:22,hannibal lecter
474,4210,serial killer,1139059887,2006-02-04 13:31:27,serial killer
474,4211,von Bulow,1137192103,2006-01-13 22:41:43,von bulow
474,4214,college,1137374771,2006-01-16 01:26:11,college
474,4218,In Netflix queue,1137202093,2006-01-14 01:28:13,in netflix queue
474,4221,football,1137374725,2006-01-16 01:25:25,football
474,4226,Backwards. memory,1137191263,2006-01-13 22:27:43,backwards. memory
474,4232,spying,1138032824,2006-01-23 16:13:44,spying
474,4246,singletons,1137205374,2006-01-14 02:22:54,singletons
474,4259,Nabokov,1137192047,2006-01-13 22:40:47,nabokov
474,4263,alcoholism,1138032622,2006-01-23 16:10:22,alcoholism
474,4292,Union,1137192082,2006-01-13 22:41:22,union
474,4296,death,1137374704,2006-01-16 01:25:04,death
474,4306,fairy tales,1137205586,2006-01-14 02:26:26,fairy tales
474,4312,In Netflix queue,1137202173,2006-01-14 01:29:33,in netflix queue
474,4316,figure skating,1137375157,2006-01-16 01:32:37,figure skating
474,4326,race,1137375204,2006-01-16 01:33:24,race
474,4326,rasicm,1137375204,2006-01-16 01:33:24,rasicm
474,4333,Strangers on a Train,1138032832,2006-01-23 16:13:52,strangers on a train
474,4347,Holocaust,1138032626,2006-01-23 16:10:26,holocaust
474,4356,In Netflix queue,1137201794,2006-01-14 01:23:14,in netflix queue
474,4359,adultery,1138032800,2006-01-23 16:13:20,adultery
474,4361,men in drag,1138032838,2006-01-23 16:13:58,men in drag
474,4370,robots,1137205306,2006-01-14 02:21:46,robots
474,4380,accident,1138032770,2006-01-23 16:12:50,accident
474,4396,race,1137373684,2006-01-16 01:08:04,race
474,4404,In Netflix queue,1137200537,2006-01-14 01:02:17,in netflix queue
474,4447,lawyers,1138032674,2006-01-23 16:11:14,lawyers
474,4448,heist,1138032773,2006-01-23 16:12:53,heist
474,4465,rape,1138032565,2006-01-23 16:09:25,rape
474,4476,twins,1137374622,2006-01-16 01:23:42,twins
474,4477,circus,1137373669,2006-01-16 01:07:49,circus
474,4489,Africa,1137766266,2006-01-20 14:11:06,africa
474,4489,immigrants,1137374636,2006-01-16 01:23:56,immigrants
474,4495,New York,1137202342,2006-01-14 01:32:22,new york
474,4526,aliens,1137373948,2006-01-16 01:12:28,aliens
474,4537,hippies,1137205576,2006-01-14 02:26:16,hippies
474,4545,robots,1137374781,2006-01-16 01:26:21,robots
474,4546,kidnapping,1138032855,2006-01-23 16:14:15,kidnapping
474,4546,remade,1138032855,2006-01-23 16:14:15,remade
474,4558,twins,1137374798,2006-01-16 01:26:38,twins
474,4571,time travel,1137205348,2006-01-14 02:22:28,time travel
474,4600,doctors,1137375124,2006-01-16 01:32:04,doctors
474,4621,babies,1137374699,2006-01-16 01:24:59,babies
474,4623,baseball,1137374712,2006-01-16 01:25:12,baseball
474,4638,dinosaurs,1137374692,2006-01-16 01:24:52,dinosaurs
474,4639,Hollywood,1137375071,2006-01-16 01:31:11,hollywood
474,4639,movie business,1137375071,2006-01-16 01:31:11,movie business
474,4641,adolescence,1138032652,2006-01-23 16:10:52,adolescence
474,4677,dogs,1137373991,2006-01-16 01:13:11,dogs
474,4678,television,1138032842,2006-01-23 16:14:02,television
474,4688,In Netflix queue,1137201126,2006-01-14 01:12:06,in netflix queue
474,4787,prodigies,1138032687,2006-01-23 16:11:27,prodigies
474,4801,family,1138032678,2006-01-23 16:11:18,family
474,4808,remake,1137374805,2006-01-16 01:26:45,remake
474,4809,Nuclear disaster,1137367824,2006-01-15 23:30:24,nuclear disaster
474,4809,union,1137367824,2006-01-15 23:30:24,union
474,4812,NASA,1137374786,2006-01-16 01:26:26,nasa
474,4812,space,1137374786,2006-01-16 01:26:26,space
474,4823,wedding,1138032791,2006-01-23 16:13:11,wedding
474,4835,Loretta Lynn,1137192003,2006-01-13 22:40:03,loretta lynn
474,4857,Judaism,1138039170,2006-01-23 17:59:30,judaism
474,4857,Tradition!,1137192017,2006-01-13 22:40:17,tradition!
474,4874,aliens,1137375186,2006-01-16 01:33:06,aliens
474,4874,psychiatrist,1137375186,2006-01-16 01:33:06,psychiatrist
474,4878,time travel,1137205781,2006-01-14 02:29:41,time travel
474,4881,Coen Brothers,1137192055,2006-01-13 22:40:55,coen brothers
474,4896,Magic,1137205893,2006-01-14 02:31:33,magic
474,4896,Wizards,1137205893,2006-01-14 02:31:33,wizards
474,4902,ghosts,1137367852,2006-01-15 23:30:52,ghosts
474,4920,psychology,1138039319,2006-01-23 18:01:59,psychology
474,4963,heist,1138039322,2006-01-23 18:02:02,heist
474,4969,In Netflix queue,1137179563,2006-01-13 19:12:43,in netflix queue
474,4970,nightclub,1138039117,2006-01-23 17:58:37,nightclub
474,4970,singers,1138039117,2006-01-23 17:58:37,singers
474,4973,whimsical,1137202289,2006-01-14 01:31:29,whimsical
474,4979,new york,1137271220,2006-01-14 20:40:20,new york
474,4980,time travel,1138039109,2006-01-23 17:58:29,time travel
474,4993,Tolkein,1137181125,2006-01-13 19:38:45,tolkein
474,4998,racism,1139102582,2006-02-05 01:23:02,racism
474,5008,Agatha Christie,1138039430,2006-01-23 18:03:50,agatha christie
474,5008,court,1138039430,2006-01-23 18:03:50,court
474,5012,cross dressing,1138039463,2006-01-23 18:04:23,cross dressing
474,5012,Judaism,1138039463,2006-01-23 18:04:23,judaism
474,5015,race,1138039271,2006-01-23 18:01:11,race
474,5034,Ghost,1137191298,2006-01-13 22:28:18,ghost
474,5064,Dumas,1138039163,2006-01-23 17:59:23,dumas
474,5064,revenge,1138039163,2006-01-23 17:59:23,revenge
474,5114,movie business,1138039083,2006-01-23 17:58:03,movie business
474,5120,In Netflix queue,1137200871,2006-01-14 01:07:51,in netflix queue
474,5135,India,1137192060,2006-01-13 22:41:00,india
474,5139,baseball,1137373653,2006-01-16 01:07:33,baseball
474,5213,religion,1137373958,2006-01-16 01:12:38,religion
474,5224,In Netflix queue,1137201464,2006-01-14 01:17:44,in netflix queue
474,5238,In Netflix queue,1137202052,2006-01-14 01:27:32,in netflix queue
474,5266,crime,1138039345,2006-01-23 18:02:25,crime
474,5291,In Netflix queue,1137200907,2006-01-14 01:08:27,in netflix queue
474,5291,samurai,1142282530,2006-03-13 20:42:10,samurai
474,5294,religion,1138039177,2006-01-23 17:59:37,religion
474,5304,In Netflix queue,1137200961,2006-01-14 01:09:21,in netflix queue
474,5316,World War II,1137375111,2006-01-16 01:31:51,world war ii
474,5349,superhero,1137206068,2006-01-14 02:34:28,superhero
474,5353,blind,1137784621,2006-01-20 19:17:01,blind
474,5377,Nick Hornby,1137181073,2006-01-13 19:37:53,nick hornby
474,5379,anti-Semitism,1137205732,2006-01-14 02:28:52,anti-semitism
474,5379,Judaism,1137205732,2006-01-14 02:28:52,judaism
474,5398,boxing,1138039410,2006-01-23 18:03:30,boxing
474,5404,books,1138039075,2006-01-23 17:57:55,books
474,5445,future,1137206007,2006-01-14 02:33:27,future
474,5446,Australia,1137181573,2006-01-13 19:46:13,australia
474,5450,sisterhood,1138039255,2006-01-23 18:00:55,sisterhood
474,5450,women,1138039255,2006-01-23 18:00:55,women
474,5451,disability,1137375287,2006-01-16 01:34:47,disability
474,5451,mental illness,1137375287,2006-01-16 01:34:47,mental illness
474,5470,Oscar Wilde,1137181530,2006-01-13 19:45:30,oscar wilde
474,5475,In Netflix queue,1137201978,2006-01-14 01:26:18,in netflix queue
474,5483,movie business,1137181538,2006-01-13 19:45:38,movie business
474,5498,In Netflix queue,1137179781,2006-01-13 19:16:21,in netflix queue
474,5502,aliens,1137206065,2006-01-14 02:34:25,aliens
474,5505,adultery,1137205854,2006-01-14 02:30:54,adultery
474,5505,younger men,1137205854,2006-01-14 02:30:54,younger men
474,5527,AS Byatt,1138039372,2006-01-23 18:02:52,as byatt
474,5527,books,1138039372,2006-01-23 18:02:52,books
474,5528,photography,1138039335,2006-01-23 18:02:15,photography
474,5528,psychopaths,1138039335,2006-01-23 18:02:15,psychopaths
474,5548,homeless,1137374645,2006-01-16 01:24:05,homeless
474,5577,adolescence,1138039226,2006-01-23 18:00:26,adolescence
474,5601,Animal movie,1138039452,2006-01-23 18:04:12,animal movie
474,5603,crime,1138039241,2006-01-23 18:00:41,crime
474,5603,heist,1138039241,2006-01-23 18:00:41,heist
474,5618,anime,1137206076,2006-01-14 02:34:36,anime
474,5629,Bible,1137374683,2006-01-16 01:24:43,bible
474,5630,Hannibal Lecter,1139059884,2006-02-04 13:31:24,hannibal lecter
474,5633,bombs,1138039202,2006-01-23 18:00:02,bombs
474,5644,baseball,1138039381,2006-01-23 18:03:01,baseball
474,5644,Lou Gehrig,1138039381,2006-01-23 18:03:01,lou gehrig
474,5669,violence in america,1138039133,2006-01-23 17:58:53,violence in america
474,5673,pudding,1137206033,2006-01-14 02:33:53,pudding
474,5682,Holocaust,1138039189,2006-01-23 17:59:49,holocaust
474,5685,Girl Power,1137206048,2006-01-14 02:34:08,girl power
474,5690,made me cry,1137205866,2006-01-14 02:31:06,made me cry
474,5690,orphans,1137205866,2006-01-14 02:31:06,orphans
474,5721,In Netflix queue,1137200976,2006-01-14 01:09:36,in netflix queue
474,5721,Judaism,1137200976,2006-01-14 01:09:36,judaism
474,5747,World War I,1137181512,2006-01-13 19:45:12,world war i
474,5791,art,1138039181,2006-01-23 17:59:41,art
474,5792,dating,1137375296,2006-01-16 01:34:56,dating
474,5802,teenagers,1138039442,2006-01-23 18:04:02,teenagers
474,5812,salute to Douglas Sirk,1137181505,2006-01-13 19:45:05,salute to douglas sirk
474,5816,Magic,1137205882,2006-01-14 02:31:22,magic
474,5816,Wizards,1137205882,2006-01-14 02:31:22,wizards
474,5820,music business,1138039419,2006-01-23 18:03:39,music business
474,5875,short films,1137375257,2006-01-16 01:34:17,short films
474,5876,Graham Greene,1138039395,2006-01-23 18:03:15,graham greene
474,5878,coma,1138039423,2006-01-23 18:03:43,coma
474,5899,Africa,1137442538,2006-01-16 20:15:38,africa
474,5952,Tolkein,1137181130,2006-01-13 19:38:50,tolkein
474,5954,crime,1138039070,2006-01-23 17:57:50,crime
474,5954,nightclub,1138039070,2006-01-23 17:57:50,nightclub
474,5971,anime,1138039281,2006-01-23 18:01:21,anime
474,5989,crime,1138039137,2006-01-23 17:58:57,crime
474,5991,court,1138039145,2006-01-23 17:59:05,court
474,5991,jazz,1138039140,2006-01-23 17:59:00,jazz
474,5991,murder,1138039142,2006-01-23 17:59:02,murder
474,5994,Dickens,1138039286,2006-01-23 18:01:26,dickens
474,5995,Holocaust,1137181562,2006-01-13 19:46:02,holocaust
474,6002,drugs,1138307168,2006-01-26 20:26:08,drugs
474,6002,planes,1138307168,2006-01-26 20:26:08,planes
474,6002,widows/widowers,1138307168,2006-01-26 20:26:08,widows/widowers
474,6003,television,1138307058,2006-01-26 20:24:18,television
474,6016,crime,1138039157,2006-01-23 17:59:17,crime
474,6016,photography,1138039157,2006-01-23 17:59:17,photography
474,6016,violence,1138039157,2006-01-23 17:59:17,violence
474,6020,class,1138307024,2006-01-26 20:23:44,class
474,6027,In Netflix queue,1137200848,2006-01-14 01:07:28,in netflix queue
474,6031,motherhood,1138039234,2006-01-23 18:00:34,motherhood
474,6031,race,1138039234,2006-01-23 18:00:34,race
474,6041,In Netflix queue,1137200888,2006-01-14 01:08:08,in netflix queue
474,6063,doll,1137375194,2006-01-16 01:33:14,doll
474,6090,ghosts,1138307131,2006-01-26 20:25:31,ghosts
474,6101,Chile,1137900975,2006-01-22 03:36:15,chile
474,6101,politics,1137900975,2006-01-22 03:36:15,politics
474,6101,South America,1137900975,2006-01-22 03:36:15,south america
474,6104,spoof,1138039279,2006-01-23 18:01:19,spoof
474,6156,England,1138307301,2006-01-26 20:28:21,england
474,6159,adolescence,1138307031,2006-01-26 20:23:51,adolescence
474,6163,obsession,1137205905,2006-01-14 02:31:45,obsession
474,6170,horses,1138307048,2006-01-26 20:24:08,horses
474,6178,blind,1138039358,2006-01-23 18:02:38,blind
474,6178,blindness,1138039358,2006-01-23 18:02:38,blindness
474,6178,race,1138039358,2006-01-23 18:02:38,race
474,6181,Civil War,1138039404,2006-01-23 18:03:24,civil war
474,6181,Stephen Crane,1138039404,2006-01-23 18:03:24,stephen crane
474,6183,Day and Hudson,1138039366,2006-01-23 18:02:46,day and hudson
474,6183,sexuality,1138039366,2006-01-23 18:02:46,sexuality
474,6195,books,1138498655,2006-01-29 01:37:35,books
474,6195,Stones of Summer,1138498655,2006-01-29 01:37:35,stones of summer
474,6197,mental illness,1138307351,2006-01-26 20:29:11,mental illness
474,6201,England,1137191244,2006-01-13 22:27:24,england
474,6216,World War II,1138307229,2006-01-26 20:27:09,world war ii
474,6218,soccer,1138039102,2006-01-23 17:58:22,soccer
474,6228,In Netflix queue,1137201613,2006-01-14 01:20:13,in netflix queue
474,6232,animal movie,1138039126,2006-01-23 17:58:46,animal movie
474,6232,lions,1138039125,2006-01-23 17:58:45,lions
474,6235,Holocaust,1138307079,2006-01-26 20:24:39,holocaust
474,6235,World War II,1138307079,2006-01-26 20:24:39,world war ii
474,6238,immigrants,1138307096,2006-01-26 20:24:56,immigrants
474,6242,television,1138307280,2006-01-26 20:28:00,television
474,6244,In Netflix queue,1137201921,2006-01-14 01:25:21,in netflix queue
474,6245,prostitution,1138307361,2006-01-26 20:29:21,prostitution
474,6254,screwball,1137181469,2006-01-13 19:44:29,screwball
474,6268,adolescence,1138307261,2006-01-26 20:27:41,adolescence
474,6269,Big Brothers,1137206096,2006-01-14 02:34:56,big brothers
474,6273,L.A.,1137521025,2006-01-17 18:03:45,l.a.
474,6281,crime,1138307249,2006-01-26 20:27:29,crime
474,6286,amnesia,1138039259,2006-01-23 18:00:59,amnesia
474,6288,gangs,1138307044,2006-01-26 20:24:04,gangs
474,6289,Titanic,1138307085,2006-01-26 20:24:45,titanic
474,6291,prostitution,1138039248,2006-01-23 18:00:48,prostitution
474,6296,mockumentary,1138039267,2006-01-23 18:01:07,mockumentary
474,6297,children,1138307101,2006-01-26 20:25:01,children
474,6299,birds,1138307384,2006-01-26 20:29:44,birds
474,6305,Ray Bradbury,1137181490,2006-01-13 19:44:50,ray bradbury
474,6308,lawyers,1137374834,2006-01-16 01:27:14,lawyers
474,6327,1970s,1138486479,2006-01-28 22:14:39,1970s
474,6327,movies,1137200584,2006-01-14 01:03:04,movies
474,6331,spelling bee,1138039807,2006-01-23 18:10:07,spelling bee
474,6333,Jean Grey,1137202706,2006-01-14 01:38:26,jean grey
474,6333,Magneto,1137202706,2006-01-14 01:38:26,magneto
474,6333,Rogue,1137202706,2006-01-14 01:38:26,rogue
474,6333,superhero,1137205082,2006-01-14 02:18:02,superhero
474,6333,Wolverine,1137202706,2006-01-14 01:38:26,wolverine
474,6334,teachers,1138039540,2006-01-23 18:05:40,teachers
474,6337,gambling,1138307244,2006-01-26 20:27:24,gambling
474,6339,trains,1138307176,2006-01-26 20:26:16,trains
474,6341,art,1138307304,2006-01-26 20:28:24,art
474,6350,anime,1138039543,2006-01-23 18:05:43,anime
474,6367,retro,1138039562,2006-01-23 18:06:02,retro
474,6368,movies,1138307051,2006-01-26 20:24:11,movies
474,6373,religion,1137375076,2006-01-16 01:31:16,religion
474,6375,In Netflix queue,1137200486,2006-01-14 01:01:26,in netflix queue
474,6375,They Might Be Giants,1137200486,2006-01-14 01:01:26,they might be giants
474,6377,Disney,1138039593,2006-01-23 18:06:33,disney
474,6377,fish,1138039593,2006-01-23 18:06:33,fish
474,6378,heist,1138307128,2006-01-26 20:25:28,heist
474,6380,child abuse,1137205738,2006-01-14 02:28:58,child abuse
474,6385,Girl Power,1137202810,2006-01-14 01:40:10,girl power
474,6390,Ninotchka remake,1138307320,2006-01-26 20:28:40,ninotchka remake
474,6400,crime,1138307197,2006-01-26 20:26:37,crime
474,6407,Olympics,1137374882,2006-01-16 01:28:02,olympics
474,6407,Tokyo,1137374882,2006-01-16 01:28:02,tokyo
474,6422,Civil War,1138039799,2006-01-23 18:09:59,civil war
474,6440,movie business,1138307037,2006-01-26 20:23:57,movie business
474,6452,In Netflix queue,1137201737,2006-01-14 01:22:17,in netflix queue
474,6454,Nazis,1138307204,2006-01-26 20:26:44,nazis
474,6466,In Netflix queue,1137202027,2006-01-14 01:27:07,in netflix queue
474,6502,zombies,1137181462,2006-01-13 19:44:22,zombies
474,6515,fugitive,1137206135,2006-01-14 02:35:35,fugitive
474,6516,In Netflix queue,1137202127,2006-01-14 01:28:47,in netflix queue
474,6535,politics,1137374839,2006-01-16 01:27:19,politics
474,6536,swashbuckler,1138307326,2006-01-26 20:28:46,swashbuckler
474,6539,swashbuckler,1138307257,2006-01-26 20:27:37,swashbuckler
474,6545,Dodie Smith,1137181524,2006-01-13 19:45:24,dodie smith
474,6547,flood,1137375241,2006-01-16 01:34:01,flood
474,6552,immigration,1138039559,2006-01-23 18:05:59,immigration
474,6565,horses,1138307288,2006-01-26 20:28:08,horses
474,6579,Japan,1138307236,2006-01-26 20:27:16,japan
474,6591,religion,1138039719,2006-01-23 18:08:39,religion
474,6592,marriage,1138039795,2006-01-23 18:09:55,marriage
474,6603,Othello,1137375103,2006-01-16 01:31:43,othello
474,6609,Bible,1138307089,2006-01-26 20:24:49,bible
474,6620,cancer,1137205715,2006-01-14 02:28:35,cancer
474,6636,road trip,1138307356,2006-01-26 20:29:16,road trip
474,6639,blindness,1138307381,2006-01-26 20:29:41,blindness
474,6650,family,1138039708,2006-01-23 18:08:28,family
474,6650,multiple roles,1138039708,2006-01-23 18:08:28,multiple roles
474,6650,murder,1138039708,2006-01-23 18:08:28,murder
474,6660,ballet,1138307265,2006-01-26 20:27:45,ballet
474,6662,Clousseau,1137375266,2006-01-16 01:34:26,clousseau
474,6667,FBI,1138307378,2006-01-26 20:29:38,fbi
474,6668,In Netflix queue,1137179689,2006-01-13 19:14:49,in netflix queue
474,6669,terminal illness,1138039639,2006-01-23 18:07:19,terminal illness
474,6708,con men,1138307183,2006-01-26 20:26:23,con men
474,6708,fatherhood,1138307183,2006-01-26 20:26:23,fatherhood
474,6710,vertriloquism,1138307069,2006-01-26 20:24:29,vertriloquism
474,6711,Japan,1138307143,2006-01-26 20:25:43,japan
474,6713,In Netflix queue,1137201914,2006-01-14 01:25:14,in netflix queue
474,6724,In Netflix queue,1137201684,2006-01-14 01:21:24,in netflix queue
474,6732,matchmaker,1137375130,2006-01-16 01:32:10,matchmaker
474,6744,vampire,1137375236,2006-01-16 01:33:56,vampire
474,6753,Animal movie,1138307295,2006-01-26 20:28:15,animal movie
474,6768,religion,1138039714,2006-01-23 18:08:34,religion
474,6770,adultery,1138307212,2006-01-26 20:26:52,adultery
474,6770,terminal illness,1138307212,2006-01-26 20:26:52,terminal illness
474,6773,biking,1138307369,2006-01-26 20:29:29,biking
474,6776,India,1137181544,2006-01-13 19:45:44,india
474,6785,Lonesome Polecat,1137206059,2006-01-14 02:34:19,lonesome polecat
474,6786,In Netflix queue,1137201845,2006-01-14 01:24:05,in netflix queue
474,6787,journalism,1138039529,2006-01-23 18:05:29,journalism
474,6787,Watergate,1138039529,2006-01-23 18:05:29,watergate
474,6788,pregnancy,1137374818,2006-01-16 01:26:58,pregnancy
474,6791,Food,1137191312,2006-01-13 22:28:32,food
474,6807,british comedy,1138307193,2006-01-26 20:26:33,british comedy
474,6810,domestic violence,1138307335,2006-01-26 20:28:55,domestic violence
474,6820,werewolf,1138039608,2006-01-23 18:06:48,werewolf
474,6832,amnesia,1138307274,2006-01-26 20:27:54,amnesia
474,6849,Christmas,1137374871,2006-01-16 01:27:51,christmas
474,6852,black and white,1138307125,2006-01-26 20:25:25,black and white
474,6852,Capote,1138307125,2006-01-26 20:25:25,capote
474,6852,crime,1138307125,2006-01-26 20:25:25,crime
474,6852,death penalty,1138307125,2006-01-26 20:25:25,death penalty
474,6852,murder,1138307125,2006-01-26 20:25:25,murder
474,6856,biopic,1138039917,2006-01-23 18:11:57,biopic
474,6863,school,1138307284,2006-01-26 20:28:04,school
474,6867,trains,1138039811,2006-01-23 18:10:11,trains
474,6870,child abuse,1138307224,2006-01-26 20:27:04,child abuse
474,6870,kidnapping,1138307224,2006-01-26 20:27:04,kidnapping
474,6874,martial arts,1138039672,2006-01-23 18:07:52,martial arts
474,6874,revenge,1138039672,2006-01-23 18:07:52,revenge
474,6881,Thanksgiving,1137181567,2006-01-13 19:46:07,thanksgiving
474,6890,adolescence,1138039574,2006-01-23 18:06:14,adolescence
474,6890,violence in america,1138039574,2006-01-23 18:06:14,violence in america
474,6909,transplants,1138039587,2006-01-23 18:06:27,transplants
474,6912,Rita Hayworth can dance!,1137179371,2006-01-13 19:09:31,rita hayworth can dance!
474,6918,India,1138039870,2006-01-23 18:11:10,india
474,6932,journalism,1137181582,2006-01-13 19:46:22,journalism
474,6936,christmas,1138039581,2006-01-23 18:06:21,christmas
474,6944,remake,1137374824,2006-01-16 01:27:04,remake
474,6944,wedding,1137374824,2006-01-16 01:27:04,wedding
474,6948,music business,1138039867,2006-01-23 18:11:07,music business
474,6948,rap,1138039867,2006-01-23 18:11:07,rap
474,6963,Amish,1137181478,2006-01-13 19:44:38,amish
474,6970,Hepburn and Tracy,1137521576,2006-01-17 18:12:56,hepburn and tracy
474,6979,Cold War,1138039874,2006-01-23 18:11:14,cold war
474,6981,religion,1138039909,2006-01-23 18:11:49,religion
474,6984,Dickens,1138039822,2006-01-23 18:10:22,dickens
474,6985,saint,1137206024,2006-01-14 02:33:44,saint
474,6993,family,1138039618,2006-01-23 18:06:58,family
474,7013,good and evil,1137206020,2006-01-14 02:33:40,good and evil
474,7018,court,1137375276,2006-01-16 01:34:36,court
474,7018,Scott Turow,1137375276,2006-01-16 01:34:36,scott turow
474,7023,In Netflix queue,1137179697,2006-01-13 19:14:57,in netflix queue
474,7025,In Netflix queue,1137179593,2006-01-13 19:13:13,in netflix queue
474,7049,Astaire and Rogers,1137784580,2006-01-20 19:16:20,astaire and rogers
474,7050,Astaire and Rogers,1137784592,2006-01-20 19:16:32,astaire and rogers
474,7053,Astaire and Rogers,1138039791,2006-01-23 18:09:51,astaire and rogers
474,7055,Astaire and Rogers,1138039819,2006-01-23 18:10:19,astaire and rogers
474,7059,horses,1138039728,2006-01-23 18:08:48,horses
474,7061,terminal illness,1138039554,2006-01-23 18:05:54,terminal illness
474,7062,birds,1138039535,2006-01-23 18:05:35,birds
474,7062,prison,1138039535,2006-01-23 18:05:35,prison
474,7069,In Netflix queue,1137201628,2006-01-14 01:20:28,in netflix queue
474,7069,Shakespeare,1137201628,2006-01-14 01:20:28,shakespeare
474,7070,cattle drive,1138039780,2006-01-23 18:09:40,cattle drive
474,7071,In Netflix queue,1137201154,2006-01-14 01:12:34,in netflix queue
474,7073,Clousseau,1137375451,2006-01-16 01:37:31,clousseau
474,7079,disability,1137375406,2006-01-16 01:36:46,disability
474,7086,George Bernard Shaw,1137201703,2006-01-14 01:21:43,george bernard shaw
474,7087,E.M. Forster,1138039751,2006-01-23 18:09:11,e.m. forster
474,7088,In Netflix queue,1137202031,2006-01-14 01:27:11,in netflix queue
474,7090,martial arts,1138039622,2006-01-23 18:07:02,martial arts
474,7091,Marx brothers,1138559500,2006-01-29 18:31:40,marx brothers
474,7121,Hepburn and Tracy,1137181204,2006-01-13 19:40:04,hepburn and tracy
474,7132,Marx brothers,1138039735,2006-01-23 18:08:55,marx brothers
474,7132,opera,1138039735,2006-01-23 18:08:55,opera
474,7139,immigrants,1138039653,2006-01-23 18:07:33,immigrants
474,7141,In Netflix queue,1137201569,2006-01-14 01:19:29,in netflix queue
474,7153,Tolkein,1137181217,2006-01-13 19:40:17,tolkein
474,7156,Vietnam,1138039601,2006-01-23 18:06:41,vietnam
474,7158,real estate,1137205933,2006-01-14 02:32:13,real estate
474,7160,serial killer,1138039725,2006-01-23 18:08:45,serial killer
474,7162,Civil War,1138039548,2006-01-23 18:05:48,civil war
474,7190,Charlotte Bronte,1140047502,2006-02-15 23:51:42,charlotte bronte
474,7212,cross dressing,1138039664,2006-01-23 18:07:44,cross dressing
474,7212,men in drag,1138039664,2006-01-23 18:07:44,men in drag
474,7217,amnesia,1137521621,2006-01-17 18:13:41,amnesia
474,7218,In Netflix queue,1137179905,2006-01-13 19:18:25,in netflix queue
474,7219,truckers,1138039826,2006-01-23 18:10:26,truckers
474,7234,circus,1137206103,2006-01-14 02:35:03,circus
474,7256,mountain climbing,1138039857,2006-01-23 18:10:57,mountain climbing
474,7285,adolescence,1138039837,2006-01-23 18:10:37,adolescence
474,7301,priest,1137521429,2006-01-17 18:10:29,priest
474,7301,religion,1137521429,2006-01-17 18:10:29,religion
474,7318,religion,1138039757,2006-01-23 18:09:17,religion
474,7323,Cold War,1138039614,2006-01-23 18:06:54,cold war
474,7361,memory,1137205808,2006-01-14 02:30:08,memory
474,7371,Grace,1137205800,2006-01-14 02:30:00,grace
474,7382,adolescence,1138039629,2006-01-23 18:07:09,adolescence
474,7382,crime,1138039629,2006-01-23 18:07:09,crime
474,7438,revenge,1137205948,2006-01-14 02:32:28,revenge
474,7440,Holocaust,1142279175,2006-03-13 19:46:15,holocaust
474,7451,High School,1137205962,2006-01-14 02:32:42,high school
474,7479,World War II,1138039893,2006-01-23 18:11:33,world war ii
474,7493,multiple personalities,1138039850,2006-01-23 18:10:50,multiple personalities
474,7572,cancer,1137181595,2006-01-13 19:46:35,cancer
474,7584,Hepburn and Tracy,1138039906,2006-01-23 18:11:46,hepburn and tracy
474,7584,marriage,1138039906,2006-01-23 18:11:46,marriage
474,7614,Rogers and Hammerstein,1138040199,2006-01-23 18:16:39,rogers and hammerstein
474,7618,biopic,1137201647,2006-01-14 01:20:47,biopic
474,7618,In Netflix queue,1137201648,2006-01-14 01:20:48,in netflix queue
474,7619,blindness,1138040167,2006-01-23 18:16:07,blindness
474,7619,deaf,1138040171,2006-01-23 18:16:11,deaf
474,7646,Stephen King,1137374860,2006-01-16 01:27:40,stephen king
474,7649,space station,1138039958,2006-01-23 18:12:38,space station
474,7700,In Netflix queue,1137201116,2006-01-14 01:11:56,in netflix queue
474,7705,Hepburn and Tracy,1137521641,2006-01-17 18:14:01,hepburn and tracy
474,7705,sports,1137521641,2006-01-17 18:14:01,sports
474,7713,sexuality,1138040011,2006-01-23 18:13:31,sexuality
474,7714,King Arthur,1138039998,2006-01-23 18:13:18,king arthur
474,7728,adultery,1138040205,2006-01-23 18:16:45,adultery
474,7748,In Netflix queue,1137202002,2006-01-14 01:26:42,in netflix queue
474,7766,MacBeth,1138040268,2006-01-23 18:17:48,macbeth
474,7789,terrorism,1138039932,2006-01-23 18:12:12,terrorism
474,7792,In Netflix queue,1137200939,2006-01-14 01:08:59,in netflix queue
474,7831,Nick and Nora Charles,1137201638,2006-01-14 01:20:38,nick and nora charles
474,7832,Nick and Nora Charles,1137201717,2006-01-14 01:21:57,nick and nora charles
474,7833,Nick and Nora Charles,1137201661,2006-01-14 01:21:01,nick and nora charles
474,7834,Nick and Nora Charles,1137200666,2006-01-14 01:04:26,nick and nora charles
474,7835,Nick and Nora Charles,1137201747,2006-01-14 01:22:27,nick and nora charles
474,7924,In Netflix queue,1137201677,2006-01-14 01:21:17,in netflix queue
474,7926,In Netflix queue,1137179753,2006-01-13 19:15:53,in netflix queue
474,7932,Amtrak,1137271192,2006-01-14 20:39:52,amtrak
474,7932,Homeless,1137271192,2006-01-14 20:39:52,homeless
474,7932,independent,1137271192,2006-01-14 20:39:52,independent
474,7932,New York,1137271192,2006-01-14 20:39:52,new york
474,7932,Sundance award winner,1137271191,2006-01-14 20:39:51,sundance award winner
474,7932,Train,1137271192,2006-01-14 20:39:52,train
474,7934,psychology,1138040275,2006-01-23 18:17:55,psychology
474,7981,police,1138040118,2006-01-23 18:15:18,police
474,7983,show business,1138039989,2006-01-23 18:13:09,show business
474,8011,politics,1143998541,2006-04-02 17:22:21,politics
474,8014,In Netflix queue,1137200544,2006-01-14 01:02:24,in netflix queue
474,8019,remade,1138040062,2006-01-23 18:14:22,remade
474,8033,In Netflix queue,1137200492,2006-01-14 01:01:32,in netflix queue
474,8094,In Netflix queue,1137179631,2006-01-13 19:13:51,in netflix queue
474,8153,Van Gogh,1137375419,2006-01-16 01:36:59,van gogh
474,8167,swashbuckler,1138040004,2006-01-23 18:13:24,swashbuckler
474,8183,In Netflix queue,1137201001,2006-01-14 01:10:01,in netflix queue
474,8188,Not available from Netflix,1137179956,2006-01-13 19:19:16,not available from netflix
474,8190,In Netflix queue,1137201864,2006-01-14 01:24:24,in netflix queue
474,8191,Anne Boleyn,1138039949,2006-01-23 18:12:29,anne boleyn
474,8197,In Netflix queue,1137202144,2006-01-14 01:29:04,in netflix queue
474,8207,assassination,1138040067,2006-01-23 18:14:27,assassination
474,8228,heist,1138040147,2006-01-23 18:15:47,heist
474,8235,Clock,1137202793,2006-01-14 01:39:53,clock
474,8266,Prince,1137375433,2006-01-16 01:37:13,prince
474,8275,In Netflix queue,1137201789,2006-01-14 01:23:09,in netflix queue
474,8337,military,1138039993,2006-01-23 18:13:13,military
474,8338,convent,1138039973,2006-01-23 18:12:53,convent
474,8338,religion,1138039973,2006-01-23 18:12:53,religion
474,8341,Dickens,1137200651,2006-01-14 01:04:11,dickens
474,8360,ogres,1138040236,2006-01-23 18:17:16,ogres
474,8366,pregnancy,1138040220,2006-01-23 18:17:00,pregnancy
474,8366,religion,1138040220,2006-01-23 18:17:00,religion
474,8368,Magic,1137202784,2006-01-14 01:39:44,magic
474,8368,Wizards,1137202784,2006-01-14 01:39:44,wizards
474,8375,politics,1137375412,2006-01-16 01:36:52,politics
474,8376,high school,1138040176,2006-01-23 18:16:16,high school
474,8379,In Netflix queue,1137200899,2006-01-14 01:08:19,in netflix queue
474,8382,death,1137375392,2006-01-16 01:36:32,death
474,8424,divorce,1138040077,2006-01-23 18:14:37,divorce
474,8446,World War II,1137375442,2006-01-16 01:37:22,world war ii
474,8463,deafness,1138040133,2006-01-23 18:15:33,deafness
474,8464,food,1138040254,2006-01-23 18:17:34,food
474,8464,McDonalds,1138040254,2006-01-23 18:17:34,mcdonalds
474,8507,circus,1138040090,2006-01-23 18:14:50,circus
474,8530,Ireland,1138040071,2006-01-23 18:14:31,ireland
474,8580,fairy tales,1137201021,2006-01-14 01:10:21,fairy tales
474,8580,In Netflix queue,1137201021,2006-01-14 01:10:21,in netflix queue
474,8607,In Netflix queue,1137201077,2006-01-14 01:11:17,in netflix queue
474,8609,In Netflix queue,1137179727,2006-01-13 19:15:27,in netflix queue
474,8622,politics,1138040083,2006-01-23 18:14:43,politics
474,8622,terrorism,1138040083,2006-01-23 18:14:43,terrorism
474,8636,Doc Ock,1137202798,2006-01-14 01:39:58,doc ock
474,8638,generation X,1138039967,2006-01-23 18:12:47,generation x
474,8645,drugs,1138040155,2006-01-23 18:15:55,drugs
474,8645,immigrants,1138040155,2006-01-23 18:15:55,immigrants
474,8695,court,1137375369,2006-01-16 01:36:09,court
474,8714,Cole Porter,1137375425,2006-01-16 01:37:05,cole porter
474,8754,Oscar (Best Actress),1142282521,2006-03-13 20:42:01,oscar (best actress)
474,8765,In Netflix queue,1137179707,2006-01-13 19:15:07,in netflix queue
474,8784,psychology,1138040105,2006-01-23 18:15:05,psychology
474,8796,Rome,1137375385,2006-01-16 01:36:25,rome
474,8809,Australia,1138040052,2006-01-23 18:14:12,australia
474,8827,Stand Up,1138039969,2006-01-23 18:12:49,stand up
474,8838,In Netflix queue,1137179758,2006-01-13 19:15:58,in netflix queue
474,8874,zombies,1138040225,2006-01-23 18:17:05,zombies
474,8875,alcoholism,1138040042,2006-01-23 18:14:02,alcoholism
474,8875,marriage,1138040042,2006-01-23 18:14:02,marriage
474,8879,Agatha Christie,1145755135,2006-04-23 01:18:55,agatha christie
474,8879,Oscar (Best Supporting Actress),1145755138,2006-04-23 01:18:58,oscar (best supporting actress)
474,8879,train,1145755140,2006-04-23 01:19:00,train
474,8880,disability,1138040162,2006-01-23 18:16:02,disability
474,8914,time travel,1138040211,2006-01-23 18:16:51,time travel
474,8920,Oscar (Best Actress),1142282522,2006-03-13 20:42:02,oscar (best actress)
474,8938,parenthood,1138040262,2006-01-23 18:17:42,parenthood
474,8938,psychology,1138040262,2006-01-23 18:17:42,psychology
474,8943,stage,1137375373,2006-01-16 01:36:13,stage
474,8949,wine,1138040242,2006-01-23 18:17:22,wine
474,8950,psychology,1138040138,2006-01-23 18:15:38,psychology
474,8951,abortion,1138040272,2006-01-23 18:17:52,abortion
474,8958,biopic,1138040214,2006-01-23 18:16:54,biopic
474,8961,Disney,1138040115,2006-01-23 18:15:15,disney
474,8961,superhero,1138040115,2006-01-23 18:15:15,superhero
474,8970,Peter Pan,1138040086,2006-01-23 18:14:46,peter pan
474,8979,Hearst,1137521449,2006-01-17 18:10:49,hearst
474,8983,martial arts,1138040109,2006-01-23 18:15:09,martial arts
474,8998,In Netflix queue,1137179738,2006-01-13 19:15:38,in netflix queue
474,9018,journalism,1138040046,2006-01-23 18:14:06,journalism
474,25753,gold,1139940948,2006-02-14 18:15:48,gold
474,25825,revenge,1137205843,2006-01-14 02:30:43,revenge
474,25841,show business,1138040249,2006-01-23 18:17:29,show business
474,25855,In Netflix queue,1137179637,2006-01-13 19:13:57,in netflix queue
474,25865,In Netflix queue,1137201652,2006-01-14 01:20:52,in netflix queue
474,25886,made me cry,1137206038,2006-01-14 02:33:58,made me cry
474,25940,mirrors,1137521290,2006-01-17 18:08:10,mirrors
474,25952,In Netflix queue,1137179713,2006-01-13 19:15:13,in netflix queue
474,26085,Not available from Netflix,1137179665,2006-01-13 19:14:25,not available from netflix
474,26131,In Netflix queue,1137200982,2006-01-14 01:09:42,in netflix queue
474,26151,donkey,1145749895,2006-04-22 23:51:35,donkey
474,26242,In Netflix queue,1137179570,2006-01-13 19:12:50,in netflix queue
474,26662,anime,1138040136,2006-01-23 18:15:36,anime
474,26776,In Netflix queue,1137179786,2006-01-13 19:16:26,in netflix queue
474,27731,In Netflix queue,1137201122,2006-01-14 01:12:02,in netflix queue
474,27741,In Netflix queue,1137179587,2006-01-13 19:13:07,in netflix queue
474,27790,religion,1138040326,2006-01-23 18:18:46,religion
474,27790,saints,1138040326,2006-01-23 18:18:46,saints
474,27820,Animal movie,1138040358,2006-01-23 18:19:18,animal movie
474,27820,camels,1138040358,2006-01-23 18:19:18,camels
474,27834,fatherhood,1138040348,2006-01-23 18:19:08,fatherhood
474,27838,revenge,1137205953,2006-01-14 02:32:33,revenge
474,27878,India,1138038974,2006-01-23 17:56:14,india
474,27882,surfing,1139939407,2006-02-14 17:50:07,surfing
474,30707,boxing,1138040320,2006-01-23 18:18:40,boxing
474,30749,genocide,1137205917,2006-01-14 02:31:57,genocide
474,30793,roald dahl,1138038979,2006-01-23 17:56:19,roald dahl
474,30812,biopic,1138038949,2006-01-23 17:55:49,biopic
474,30812,Howard Hughes,1138038949,2006-01-23 17:55:49,howard hughes
474,30812,movie business,1138038949,2006-01-23 17:55:49,movie business
474,30820,child abuse,1137206121,2006-01-14 02:35:21,child abuse
474,30822,busniess,1137205938,2006-01-14 02:32:18,busniess
474,30850,Shakespeare,1137181555,2006-01-13 19:45:55,shakespeare
474,31030,motherhood,1138040311,2006-01-23 18:18:31,motherhood
474,31437,orphans,1138040341,2006-01-23 18:19:01,orphans
474,31658,06 Oscar Nominated Best Movie - Animation,1145451856,2006-04-19 13:04:16,06 oscar nominated best movie - animation
474,31658,In Netflix queue,1137201531,2006-01-14 01:18:51,in netflix queue
474,31903,marriage,1138040364,2006-01-23 18:19:24,marriage
474,31923,In Netflix queue,1137200865,2006-01-14 01:07:45,in netflix queue
474,32160,In Netflix queue,1137179674,2006-01-13 19:14:34,in netflix queue
474,32371,In Netflix queue,1137202044,2006-01-14 01:27:24,in netflix queue
474,32582,birds,1138804206,2006-02-01 14:30:06,birds
474,32582,parrots,1138804206,2006-02-01 14:30:06,parrots
474,32584,fatherhood,1138038959,2006-01-23 17:55:59,fatherhood
474,33154,business,1137766122,2006-01-20 14:08:42,business
474,33154,money,1137766122,2006-01-20 14:08:42,money
474,33154,scandal,1137766123,2006-01-20 14:08:43,scandal
474,33166,racism,1138038982,2006-01-23 17:56:22,racism
474,33493,space,1137206087,2006-01-14 02:34:47,space
474,33493,space opera,1137206087,2006-01-14 02:34:47,space opera
474,33660,boxing,1137201602,2006-01-14 01:20:02,boxing
474,34271,hip hop,1141848751,2006-03-08 20:12:31,hip hop
474,34359,pregnancy,1138040301,2006-01-23 18:18:21,pregnancy
474,34405,Firefly,1137181624,2006-01-13 19:47:04,firefly
474,34437,In Netflix queue,1137179720,2006-01-13 19:15:20,in netflix queue
474,34482,In Netflix queue,1137202180,2006-01-14 01:29:40,in netflix queue
474,34528,pregnancy,1139693892,2006-02-11 21:38:12,pregnancy
474,34542,Animal movie,1138039000,2006-01-23 17:56:40,animal movie
474,34542,bears,1138039000,2006-01-23 17:56:40,bears
474,35015,Animal movie,1137180081,2006-01-13 19:21:21,animal movie
474,35015,In Netflix queue,1137202200,2006-01-14 01:30:00,in netflix queue
474,36517,Africa,1139234947,2006-02-06 14:09:07,africa
474,36517,business,1139234947,2006-02-06 14:09:07,business
474,36517,politics,1139234947,2006-02-06 14:09:07,politics
474,36527,mathematics,1137201998,2006-01-14 01:26:38,mathematics
474,36535,In Netflix queue,1137201162,2006-01-14 01:12:42,in netflix queue
474,37240,In Netflix queue,1138804230,2006-02-01 14:30:30,in netflix queue
474,37729,06 Oscar Nominated Best Movie - Animation,1139059938,2006-02-04 13:32:18,06 oscar nominated best movie - animation
474,37733,In Netflix queue,1137200955,2006-01-14 01:09:15,in netflix queue
474,37736,Dickens,1139940656,2006-02-14 18:10:56,dickens
474,37741,Truman Capote,1142996187,2006-03-22 02:56:27,truman capote
474,38038,06 Oscar Nominated Best Movie - Animation,1139664190,2006-02-11 13:23:10,06 oscar nominated best movie - animation
474,38038,Aardman,1139664221,2006-02-11 13:23:41,aardman
474,38061,In Netflix queue,1137179624,2006-01-13 19:13:44,in netflix queue
474,38886,divorce,1145451837,2006-04-19 13:03:57,divorce
474,39234,courtroom drama,1140576326,2006-02-22 02:45:26,courtroom drama
474,39234,In Netflix queue,1137202089,2006-01-14 01:28:09,in netflix queue
474,39292,In Netflix queue,1137201595,2006-01-14 01:19:55,in netflix queue
474,39292,journalism,1137201595,2006-01-14 01:19:55,journalism
474,39292,McCarthy hearings,1137201595,2006-01-14 01:19:55,mccarthy hearings
474,39292,Morrow,1137201595,2006-01-14 01:19:55,morrow
474,40583,In Netflix queue,1137200527,2006-01-14 01:02:07,in netflix queue
474,40629,In Netflix queue,1137179797,2006-01-13 19:16:37,in netflix queue
474,40815,Magic,1137202776,2006-01-14 01:39:36,magic
474,40815,Wizards,1137202776,2006-01-14 01:39:36,wizards
474,40819,Johnny Cash,1137200595,2006-01-14 01:03:15,johnny cash
474,41566,C.S. Lewis,1137181617,2006-01-13 19:46:57,c.s. lewis
474,41997,In Netflix queue,1137179603,2006-01-13 19:13:23,in netflix queue
474,42002,In Netflix queue,1137202150,2006-01-14 01:29:10,in netflix queue
474,42740,In Netflix queue,1138804237,2006-02-01 14:30:37,in netflix queue
477,32,Brad Pitt,1242494310,2009-05-16 17:18:30,brad pitt
477,32,Bruce Willis,1242494306,2009-05-16 17:18:26,bruce willis
477,32,mindfuck,1242494321,2009-05-16 17:18:41,mindfuck
477,32,Post apocalyptic,1242494300,2009-05-16 17:18:20,post apocalyptic
477,32,post-apocalyptic,1242494300,2009-05-16 17:18:20,post-apocalyptic
477,32,remake,1242494315,2009-05-16 17:18:35,remake
477,32,time travel,1242494304,2009-05-16 17:18:24,time travel
477,32,twist ending,1242494302,2009-05-16 17:18:22,twist ending
477,34,villain nonexistent or not needed for good story,1244787845,2009-06-12 06:24:05,villain nonexistent or not needed for good story
477,104,Adam Sandler,1244787691,2009-06-12 06:21:31,adam sandler
477,216,Adam Sandler,1244787718,2009-06-12 06:21:58,adam sandler
477,216,stop looking at me swan,1244787726,2009-06-12 06:22:06,stop looking at me swan
477,318,Morgan Freeman,1244566076,2009-06-09 16:47:56,morgan freeman
477,541,androids,1262795764,2010-01-06 16:36:04,androids
477,541,artificial intelligence,1262795769,2010-01-06 16:36:09,artificial intelligence
477,541,atmospheric,1262795768,2010-01-06 16:36:08,atmospheric
477,541,cyberpunk,1262795770,2010-01-06 16:36:10,cyberpunk
477,541,future,1262795772,2010-01-06 16:36:12,future
477,541,mindfuck,1262795778,2010-01-06 16:36:18,mindfuck
477,541,Philip K. Dick,1262795776,2010-01-06 16:36:16,philip k. dick
477,589,Scifi masterpiece,1201166474,2008-01-24 09:21:14,scifi masterpiece
477,593,disturbing,1241396359,2009-05-04 00:19:19,disturbing
477,593,drama,1241396391,2009-05-04 00:19:51,drama
477,593,gothic,1241396378,2009-05-04 00:19:38,gothic
477,593,psychology,1241396367,2009-05-04 00:19:27,psychology
477,593,suspense,1241396389,2009-05-04 00:19:49,suspense
477,733,Michael Bay,1241938858,2009-05-10 07:00:58,michael bay
477,733,terrorism,1241938853,2009-05-10 07:00:53,terrorism
477,750,black comedy,1242494959,2009-05-16 17:29:19,black comedy
477,750,dark comedy,1242494953,2009-05-16 17:29:13,dark comedy
477,750,satire,1242494951,2009-05-16 17:29:11,satire
477,832,GIVE ME BACK MY SON!,1269832636,2010-03-29 03:17:16,give me back my son!
477,832,It was melodramatic and kind of dumb,1269832633,2010-03-29 03:17:13,it was melodramatic and kind of dumb
477,832,Mel Gibson,1269832629,2010-03-29 03:17:09,mel gibson
477,903,Alfred Hitchcock,1242577125,2009-05-17 16:18:45,alfred hitchcock
477,903,Atmospheric,1242577135,2009-05-17 16:18:55,atmospheric
477,903,imdb top 250,1242577117,2009-05-17 16:18:37,imdb top 250
477,903,James Stewart,1242577112,2009-05-17 16:18:32,james stewart
477,904,imdb top 250,1242577077,2009-05-17 16:17:57,imdb top 250
477,904,James Stewart,1242577056,2009-05-17 16:17:36,james stewart
477,904,mystery,1242577064,2009-05-17 16:17:44,mystery
477,904,photographer,1242577068,2009-05-17 16:17:48,photographer
477,904,photography,1242577070,2009-05-17 16:17:50,photography
477,908,Alfred Hitchcock,1242577097,2009-05-17 16:18:17,alfred hitchcock
477,908,imdb top 250,1242577100,2009-05-17 16:18:20,imdb top 250
477,922,eerie,1245030098,2009-06-15 01:41:38,eerie
477,922,movie business,1245030089,2009-06-15 01:41:29,movie business
477,1089,humorous,1242494883,2009-05-16 17:28:03,humorous
477,1089,neo-noir,1242494879,2009-05-16 17:27:59,neo-noir
477,1089,Quentin Tarantino,1242494874,2009-05-16 17:27:54,quentin tarantino
477,1089,religion,1242494896,2009-05-16 17:28:16,religion
477,1089,Tarantino,1242494887,2009-05-16 17:28:07,tarantino
477,1196,classic,1262795806,2010-01-06 16:36:46,classic
477,1196,George Lucas,1262795793,2010-01-06 16:36:33,george lucas
477,1196,Harrison Ford,1262795792,2010-01-06 16:36:32,harrison ford
477,1196,music,1262795815,2010-01-06 16:36:55,music
477,1196,original plot,1262795808,2010-01-06 16:36:48,original plot
477,1196,sci-fi,1262795797,2010-01-06 16:36:37,sci-fi
477,1196,sequel,1262795800,2010-01-06 16:36:40,sequel
477,1219,Alfred Hitchcock,1242577153,2009-05-17 16:19:13,alfred hitchcock
477,1219,black and white,1242577173,2009-05-17 16:19:33,black and white
477,1219,imdb top 250,1242577161,2009-05-17 16:19:21,imdb top 250
477,1219,remade,1242577165,2009-05-17 16:19:25,remade
477,1222,anti-war,1242494925,2009-05-16 17:28:45,anti-war
477,1274,animation,1244787931,2009-06-12 06:25:31,animation
477,1274,anime,1244787929,2009-06-12 06:25:29,anime
477,1274,visually stunning,1244787944,2009-06-12 06:25:44,visually stunning
477,2393,cameo:Whoopi Goldberg,1242278473,2009-05-14 05:21:13,cameo:whoopi goldberg
477,2393,space opera,1242278463,2009-05-14 05:21:03,space opera
477,2393,Star Trek,1242278464,2009-05-14 05:21:04,star trek
477,2694,Adam Sandler,1244787788,2009-06-12 06:23:08,adam sandler
477,2706,best comedy,1244707216,2009-06-11 08:00:16,best comedy
477,2706,Chris Klein,1244707221,2009-06-11 08:00:21,chris klein
477,2706,dumb,1244707211,2009-06-11 08:00:11,dumb
477,2706,Jason Biggs,1244707223,2009-06-11 08:00:23,jason biggs
477,2706,not funny,1244707227,2009-06-11 08:00:27,not funny
477,2706,pizza beer,1244707207,2009-06-11 08:00:07,pizza beer
477,2706,Seann William Scott,1244707224,2009-06-11 08:00:24,seann william scott
477,2706,teen,1244707202,2009-06-11 08:00:02,teen
477,2761,animation,1244787872,2009-06-12 06:24:32,animation
477,3000,adventure,1241396438,2009-05-04 00:20:38,adventure
477,3000,atmospheric,1241396434,2009-05-04 00:20:34,atmospheric
477,3000,fantasy world,1241396427,2009-05-04 00:20:27,fantasy world
477,3000,Studio Ghibli,1241396420,2009-05-04 00:20:20,studio ghibli
477,3000,surreal,1241396422,2009-05-04 00:20:22,surreal
477,3527,aliens,1278683918,2010-07-09 13:58:38,aliens
477,3527,Arnold Schwarzenegger,1269832592,2010-03-29 03:16:32,arnold schwarzenegger
477,3527,dialogue,1269832605,2010-03-29 03:16:45,dialogue
477,3527,guns,1278683912,2010-07-09 13:58:32,guns
477,3527,Jesse Ventura,1269832593,2010-03-29 03:16:33,jesse ventura
477,3527,macho,1269832597,2010-03-29 03:16:37,macho
477,3527,sci-fi,1269832609,2010-03-29 03:16:49,sci-fi
477,3527,scifi cult,1269832612,2010-03-29 03:16:52,scifi cult
477,3994,atmospheric,1241396301,2009-05-04 00:18:21,atmospheric
477,3994,comics,1241396280,2009-05-04 00:18:00,comics
477,3994,father-son relationship,1241396313,2009-05-04 00:18:33,father-son relationship
477,3994,mindfuck,1241396308,2009-05-04 00:18:28,mindfuck
477,3994,unique,1241396293,2009-05-04 00:18:13,unique
477,4226,mystery,1256051072,2009-10-20 15:04:32,mystery
477,4226,twist ending,1256051079,2009-10-20 15:04:39,twist ending
477,4454,claymation,1245030193,2009-06-15 01:43:13,claymation
477,4454,creativity,1245030187,2009-06-15 01:43:07,creativity
477,4454,dystopia,1245030190,2009-06-15 01:43:10,dystopia
477,4454,free to download,1245030175,2009-06-15 01:42:55,free to download
477,4454,imagination,1245030178,2009-06-15 01:42:58,imagination
477,4454,no dialogue,1245030196,2009-06-15 01:43:16,no dialogue
477,4454,social commentary,1245030185,2009-06-15 01:43:05,social commentary
477,4725,mental hospital,1252820163,2009-09-13 05:36:03,mental hospital
477,4725,psychology,1252820170,2009-09-13 05:36:10,psychology
477,4725,suspense,1252820168,2009-09-13 05:36:08,suspense
477,4725,Well Done,1252820180,2009-09-13 05:36:20,well done
477,4878,dreamlike,1242494462,2009-05-16 17:21:02,dreamlike
477,4878,hallucinatory,1242494486,2009-05-16 17:21:26,hallucinatory
477,4878,mental illness,1242494483,2009-05-16 17:21:23,mental illness
477,4878,psychology,1242494469,2009-05-16 17:21:09,psychology
477,4878,social commentary,1242494478,2009-05-16 17:21:18,social commentary
477,4878,teen,1242494496,2009-05-16 17:21:36,teen
477,4878,thought-provoking,1242494462,2009-05-16 17:21:02,thought-provoking
477,5459,crappy sequel,1262795620,2010-01-06 16:33:40,crappy sequel
477,5459,first was much better,1262795632,2010-01-06 16:33:52,first was much better
477,5459,sequel,1262795653,2010-01-06 16:34:13,sequel
477,7361,cult film,1242494340,2009-05-16 17:19:00,cult film
477,7361,imagination,1256051047,2009-10-20 15:04:07,imagination
477,7361,Jim Carrey,1242494357,2009-05-16 17:19:17,jim carrey
477,7361,love,1256051045,2009-10-20 15:04:05,love
477,7361,surreal,1256051041,2009-10-20 15:04:01,surreal
477,7439,comic book,1201196824,2008-01-24 17:47:04,comic book
477,8783,Atmospheric,1242580424,2009-05-17 17:13:44,atmospheric
477,8783,good soundtrack,1242580444,2009-05-17 17:14:04,good soundtrack
477,8783,M. Night Shyamalan,1242580441,2009-05-17 17:14:01,m. night shyamalan
477,8961,animation,1244789192,2009-06-12 06:46:32,animation
477,8961,Samuel L. Jackson,1244789197,2009-06-12 06:46:37,samuel l. jackson
477,41569,big budget,1262795959,2010-01-06 16:39:19,big budget
477,42422,love,1252377761,2009-09-08 02:42:41,love
477,45499,Halle Berry,1262795979,2010-01-06 16:39:39,halle berry
477,45499,Hugh Jackman,1262795972,2010-01-06 16:39:32,hugh jackman
477,45730,bad,1242580531,2009-05-17 17:15:31,bad
477,45730,disappointing,1242580521,2009-05-17 17:15:21,disappointing
477,45730,faerie tale,1242580526,2009-05-17 17:15:26,faerie tale
477,45730,fairy tale,1242580523,2009-05-17 17:15:23,fairy tale
477,45730,far fetched,1242580497,2009-05-17 17:14:57,far fetched
477,45730,M. Night Shyamalan,1242580504,2009-05-17 17:15:04,m. night shyamalan
477,45730,Paul Giamatti,1242580508,2009-05-17 17:15:08,paul giamatti
477,47610,costume drama,1242580608,2009-05-17 17:16:48,costume drama
477,47610,Edward Norton,1242580578,2009-05-17 17:16:18,edward norton
477,47610,magic,1242580595,2009-05-17 17:16:35,magic
477,47610,Paul Giamatti,1242580580,2009-05-17 17:16:20,paul giamatti
477,52885,dreamlike,1256051008,2009-10-20 15:03:28,dreamlike
477,53468,zombies,1254101434,2009-09-28 01:30:34,zombies
477,54503,friendship,1244566102,2009-06-09 16:48:22,friendship
477,54503,high school,1244566117,2009-06-09 16:48:37,high school
477,54503,Michael Cera,1244566094,2009-06-09 16:48:14,michael cera
477,54503,nerds,1244566133,2009-06-09 16:48:53,nerds
477,54503,self discovery,1244566119,2009-06-09 16:48:39,self discovery
477,54503,shenanigans,1244566122,2009-06-09 16:48:42,shenanigans
477,54503,virginity,1244566127,2009-06-09 16:48:47,virginity
477,55167,anime,1282924582,2010-08-27 15:56:22,anime
477,56174,alone in the world,1262795676,2010-01-06 16:34:36,alone in the world
477,56174,apocalypse,1262795677,2010-01-06 16:34:37,apocalypse
477,56174,based on a book,1262795681,2010-01-06 16:34:41,based on a book
477,56174,last man on earth,1262795684,2010-01-06 16:34:44,last man on earth
477,56174,plot holes,1262795671,2010-01-06 16:34:31,plot holes
477,56174,Post apocalyptic,1262795695,2010-01-06 16:34:55,post apocalyptic
477,56174,post-apocalyptic,1262795699,2010-01-06 16:34:59,post-apocalyptic
477,56174,religion,1262795669,2010-01-06 16:34:29,religion
477,56174,vampire,1262795702,2010-01-06 16:35:02,vampire
477,56367,Michael Cera,1244566158,2009-06-09 16:49:18,michael cera
477,56367,notable soundtrack,1244566156,2009-06-09 16:49:16,notable soundtrack
477,56367,pregnancy,1244566154,2009-06-09 16:49:14,pregnancy
477,56367,teenage pregnancy,1244566153,2009-06-09 16:49:13,teenage pregnancy
477,56367,witty,1244566176,2009-06-09 16:49:36,witty
477,57669,black comedy,1269832562,2010-03-29 03:16:02,black comedy
477,57669,Colin Farrell,1269832561,2010-03-29 03:16:01,colin farrell
477,57669,dark comedy,1269832559,2010-03-29 03:15:59,dark comedy
477,57669,drugs,1269832564,2010-03-29 03:16:04,drugs
477,57669,friendship,1269832567,2010-03-29 03:16:07,friendship
477,57669,irreverent,1269832579,2010-03-29 03:16:19,irreverent
477,57669,Ralph Fiennes,1269832572,2010-03-29 03:16:12,ralph fiennes
477,57669,stylized,1269832574,2010-03-29 03:16:14,stylized
477,59141,movies about movies,1241396155,2009-05-04 00:15:55,movies about movies
477,60069,last man on earth,1241396252,2009-05-04 00:17:32,last man on earth
477,60069,love story,1241396256,2009-05-04 00:17:36,love story
477,60069,Post apocalyptic,1241396239,2009-05-04 00:17:19,post apocalyptic
477,60069,social commentary,1241396236,2009-05-04 00:17:16,social commentary
477,61323,Brad Pitt,1269832483,2010-03-29 03:14:43,brad pitt
477,61323,Coen Bros,1269832486,2010-03-29 03:14:46,coen bros
477,61323,Coen Brothers,1269832484,2010-03-29 03:14:44,coen brothers
477,61323,dark comedy,1269832488,2010-03-29 03:14:48,dark comedy
477,61323,espionage,1269832491,2010-03-29 03:14:51,espionage
477,61323,George Clooney,1269832490,2010-03-29 03:14:50,george clooney
477,61323,John Malkovich,1269832492,2010-03-29 03:14:52,john malkovich
477,61323,satire,1269832497,2010-03-29 03:14:57,satire
477,61323,twists & turns,1269832504,2010-03-29 03:15:04,twists & turns
477,61323,weird,1269832501,2010-03-29 03:15:01,weird
477,62336,2D animation,1282924611,2010-08-27 15:56:51,2d animation
477,62336,cult film,1282924621,2010-08-27 15:57:01,cult film
477,62336,stylish,1282924615,2010-08-27 15:56:55,stylish
477,62336,surreal,1282924617,2010-08-27 15:56:57,surreal
477,66934,joss whedon,1244788368,2009-06-12 06:32:48,joss whedon
477,66934,Nathan Fillion,1244788378,2009-06-12 06:32:58,nathan fillion
477,66934,Neil Patrick Harris,1244788374,2009-06-12 06:32:54,neil patrick harris
477,66934,parody,1244788359,2009-06-12 06:32:39,parody
477,67087,Andy Samberg,1269833868,2010-03-29 03:37:48,andy samberg
477,67087,bromance,1269833887,2010-03-29 03:38:07,bromance
477,67087,bromantic,1269833884,2010-03-29 03:38:04,bromantic
477,67087,comedy,1269833878,2010-03-29 03:37:58,comedy
477,67087,Jaime Pressly,1269833873,2010-03-29 03:37:53,jaime pressly
477,67087,Jason Segel,1269833863,2010-03-29 03:37:43,jason segel
477,67087,masculinity,1269833871,2010-03-29 03:37:51,masculinity
477,67087,Paul Rudd,1269833866,2010-03-29 03:37:46,paul rudd
477,68237,2001-like,1252898614,2009-09-14 03:23:34,2001-like
477,68237,Sci-fi,1252898620,2009-09-14 03:23:40,sci-fi
477,68237,solitude,1252898625,2009-09-14 03:23:45,solitude
477,68319,bad plot,1262795886,2010-01-06 16:38:06,bad plot
477,68319,comic book,1241938912,2009-05-10 07:01:52,comic book
477,68319,hugh jackman,1262795892,2010-01-06 16:38:12,hugh jackman
477,68319,Ryan Reynolds,1262795891,2010-01-06 16:38:11,ryan reynolds
477,68319,too many characters,1241941484,2009-05-10 07:44:44,too many characters
477,68358,future,1245030304,2009-06-15 01:45:04,future
477,68358,lack of development,1262795924,2010-01-06 16:38:44,lack of development
477,68358,lack of story,1262795926,2010-01-06 16:38:46,lack of story
477,68358,quick cuts,1245030309,2009-06-15 01:45:09,quick cuts
477,68358,sci-fi,1262795933,2010-01-06 16:38:53,sci-fi
477,68358,Simon Pegg,1245030316,2009-06-15 01:45:16,simon pegg
477,68358,space,1262795932,2010-01-06 16:38:52,space
477,68358,space travel,1262795931,2010-01-06 16:38:51,space travel
477,68358,time travel,1262795929,2010-01-06 16:38:49,time travel
477,68791,artificial intelligence,1262795849,2010-01-06 16:37:29,artificial intelligence
477,68791,bad acting,1262795862,2010-01-06 16:37:42,bad acting
477,68791,bad plot,1262795842,2010-01-06 16:37:22,bad plot
477,68791,bad script,1262795859,2010-01-06 16:37:39,bad script
477,68791,Christian Bale,1262795846,2010-01-06 16:37:26,christian bale
477,68791,FIGHTING THE SYSTEM,1262795852,2010-01-06 16:37:32,fighting the system
477,68791,franchise,1262795875,2010-01-06 16:37:55,franchise
477,68791,new composer,1243401981,2009-05-27 05:26:21,new composer
477,68791,post-apocalyptic,1262795854,2010-01-06 16:37:34,post-apocalyptic
477,68791,robots,1243401992,2009-05-27 05:26:32,robots
477,68791,sci-fi,1262795871,2010-01-06 16:37:51,sci-fi
477,68791,sequel,1262795873,2010-01-06 16:37:53,sequel
477,68945,Recap,1246349071,2009-06-30 08:04:31,recap
477,69526,bad plot,1262795720,2010-01-06 16:35:20,bad plot
477,69526,Michael Bay,1262795729,2010-01-06 16:35:29,michael bay
477,69526,needed more autobots,1246346162,2009-06-30 07:16:02,needed more autobots
477,69526,plot holes,1262795732,2010-01-06 16:35:32,plot holes
477,69526,ridiculous,1262795737,2010-01-06 16:35:37,ridiculous
477,69526,Shia LaBeouf,1246346172,2009-06-30 07:16:12,shia labeouf
477,69526,stop using useless characters for filler,1246346159,2009-06-30 07:15:59,stop using useless characters for filler
477,69757,artistic,1279956134,2010-07-24 07:22:14,artistic
477,69757,Funny,1279956141,2010-07-24 07:22:21,funny
477,69757,humorous,1279956124,2010-07-24 07:22:04,humorous
477,69757,inspiring,1279956130,2010-07-24 07:22:10,inspiring
477,69757,intelligent,1279956132,2010-07-24 07:22:12,intelligent
477,69757,quirky,1279956145,2010-07-24 07:22:25,quirky
477,69757,romance,1279956123,2010-07-24 07:22:03,romance
477,69757,Zooey Deschanel,1279956120,2010-07-24 07:22:00,zooey deschanel
477,70286,intelligent sci-fi,1250476969,2009-08-17 02:42:49,intelligent sci-fi
477,72224,bad humor,1296891269,2011-02-05 07:34:29,bad humor
477,72998,bad science,1262707524,2010-01-05 16:05:24,bad science
477,72998,futuristic,1262707531,2010-01-05 16:05:31,futuristic
477,72998,graphic design,1262707532,2010-01-05 16:05:32,graphic design
477,72998,James Cameron,1262707536,2010-01-05 16:05:36,james cameron
477,72998,military,1262707534,2010-01-05 16:05:34,military
477,72998,poor dialogue,1262707537,2010-01-05 16:05:37,poor dialogue
477,72998,sci-fi,1262707551,2010-01-05 16:05:51,sci-fi
477,72998,superficial plot,1262707525,2010-01-05 16:05:25,superficial plot
477,72998,unoriginal,1262794416,2010-01-06 16:13:36,unoriginal
477,72998,white guilt,1262707542,2010-01-05 16:05:42,white guilt
477,79132,dreamlike,1280608188,2010-07-31 20:29:48,dreamlike
477,79132,surreal,1280608178,2010-07-31 20:29:38,surreal
477,79132,visually appealing,1280608181,2010-07-31 20:29:41,visually appealing
477,79702,geeky,1282923864,2010-08-27 15:44:24,geeky
477,79702,Michael Cera,1282923853,2010-08-27 15:44:13,michael cera
477,79702,stylized,1282923856,2010-08-27 15:44:16,stylized
477,79702,video games,1282923860,2010-08-27 15:44:20,video games
477,82242,male nudity,1293690470,2010-12-30 06:27:50,male nudity
477,82461,action choreography,1296891206,2011-02-05 07:33:26,action choreography
477,82461,Horrid characterisation,1296891200,2011-02-05 07:33:20,horrid characterisation
477,82461,Poor plot development,1296891195,2011-02-05 07:33:15,poor plot development
477,82461,sequel,1296891202,2011-02-05 07:33:22,sequel
477,82461,soundtrack,1296891203,2011-02-05 07:33:23,soundtrack
487,112552,passion,1429347541,2015-04-18 08:59:01,passion
487,112552,psychological,1429347541,2015-04-18 08:59:01,psychological
487,112552,suspense,1429347541,2015-04-18 08:59:01,suspense
506,112552,jazz,1424487178,2015-02-21 02:52:58,jazz
506,112552,music,1424487178,2015-02-21 02:52:58,music
506,112552,tense,1424487178,2015-02-21 02:52:58,tense
509,80834,adventure,1435992979,2015-07-04 06:56:19,adventure
509,80834,animation,1435992979,2015-07-04 06:56:19,animation
509,80834,fantasy,1435992979,2015-07-04 06:56:19,fantasy
513,750,purity of essence,1159980456,2006-10-04 16:47:36,purity of essence
513,750,Slim Pickens,1159980456,2006-10-04 16:47:36,slim pickens
513,6787,Deep Throat,1159980769,2006-10-04 16:52:49,deep throat
520,3039,Dan Aykroyd,1326608424,2012-01-15 06:20:24,dan aykroyd
520,60516,enjoyable,1326610782,2012-01-15 06:59:42,enjoyable
533,356,bubba gump shrimp,1424753866,2015-02-24 04:57:46,bubba gump shrimp
533,356,lieutenant dan,1424753866,2015-02-24 04:57:46,lieutenant dan
533,356,stupid is as stupid does,1424753866,2015-02-24 04:57:46,stupid is as stupid does
537,527,based on a true story,1424142072,2015-02-17 03:01:12,based on a true story
537,527,biography,1424142112,2015-02-17 03:01:52,biography
537,527,disturbing,1424142113,2015-02-17 03:01:53,disturbing
537,527,holocaust,1424142110,2015-02-17 03:01:50,holocaust
537,1625,Mystery,1424141701,2015-02-17 02:55:01,mystery
537,1721,romance,1424141922,2015-02-17 02:58:42,romance
537,2329,edward norton,1424141449,2015-02-17 02:50:49,edward norton
537,2329,emotional,1424141459,2015-02-17 02:50:59,emotional
537,2329,politics,1424141461,2015-02-17 02:51:01,politics
537,2571,philosophy,1424141098,2015-02-17 02:44:58,philosophy
537,2571,post apocalyptic,1424141101,2015-02-17 02:45:01,post apocalyptic
537,3949,depressing,1424141547,2015-02-17 02:52:27,depressing
537,3949,psychology,1424141551,2015-02-17 02:52:31,psychology
537,5989,cheating,1424139697,2015-02-17 02:21:37,cheating
537,5989,intelligent,1424139627,2015-02-17 02:20:27,intelligent
537,5989,Leonardo DiCaprio,1424139605,2015-02-17 02:20:05,leonardo dicaprio
537,5989,lies,1424139629,2015-02-17 02:20:29,lies
537,5989,smart,1424139670,2015-02-17 02:21:10,smart
537,5989,Tom Hanks,1424139608,2015-02-17 02:20:08,tom hanks
537,5989,twists & turns,1424139659,2015-02-17 02:20:59,twists & turns
537,8533,memory loss,1424141963,2015-02-17 02:59:23,memory loss
537,8533,romance,1424141953,2015-02-17 02:59:13,romance
537,8533,sad,1424141974,2015-02-17 02:59:34,sad
537,55765,corruption,1424139519,2015-02-17 02:18:39,corruption
537,55765,Denzel Washington,1424139515,2015-02-17 02:18:35,denzel washington
537,55765,mafia,1424139559,2015-02-17 02:19:19,mafia
537,55765,organized crime,1424139529,2015-02-17 02:18:49,organized crime
537,58295,heist,1424139043,2015-02-17 02:10:43,heist
537,58295,robbery,1424139058,2015-02-17 02:10:58,robbery
537,58295,small time criminals,1424139056,2015-02-17 02:10:56,small time criminals
537,69122,casino,1424140307,2015-02-17 02:31:47,casino
537,69122,comedy,1424140299,2015-02-17 02:31:39,comedy
537,69122,funny,1424140317,2015-02-17 02:31:57,funny
537,69122,hotel,1424140308,2015-02-17 02:31:48,hotel
537,69122,Las Vegas,1424140298,2015-02-17 02:31:38,las vegas
537,69481,war,1424144802,2015-02-17 03:46:42,war
537,72998,beautiful scenery,1424140229,2015-02-17 02:30:29,beautiful scenery
537,72998,graphic design,1424140242,2015-02-17 02:30:42,graphic design
537,72998,music,1424140259,2015-02-17 02:30:59,music
537,72998,politics,1424140263,2015-02-17 02:31:03,politics
537,72998,romance,1424140252,2015-02-17 02:30:52,romance
537,72998,thought-provoking,1424140286,2015-02-17 02:31:26,thought-provoking
537,72998,too long,1424140237,2015-02-17 02:30:37,too long
537,72998,visually stunning,1424140233,2015-02-17 02:30:33,visually stunning
537,79132,big budget,1424140151,2015-02-17 02:29:11,big budget
537,79132,clever,1424140142,2015-02-17 02:29:02,clever
537,79132,complicated,1424140133,2015-02-17 02:28:53,complicated
537,79132,dead wife,1424140200,2015-02-17 02:30:00,dead wife
537,79132,great soundtrack,1424140118,2015-02-17 02:28:38,great soundtrack
537,79132,heist,1424140154,2015-02-17 02:29:14,heist
537,79132,intellectual,1424140159,2015-02-17 02:29:19,intellectual
537,79132,mindfuck,1424140185,2015-02-17 02:29:45,mindfuck
537,79132,philosophy,1424140124,2015-02-17 02:28:44,philosophy
537,79132,psychological,1424140165,2015-02-17 02:29:25,psychological
537,79132,psychology,1424140162,2015-02-17 02:29:22,psychology
537,79132,suspense,1424140144,2015-02-17 02:29:04,suspense
537,79132,thought-provoking,1424140130,2015-02-17 02:28:50,thought-provoking
537,80489,crime,1424139483,2015-02-17 02:18:03,crime
537,80489,FBI,1424139489,2015-02-17 02:18:09,fbi
537,80489,romance,1424139421,2015-02-17 02:17:01,romance
537,80489,too much love interest,1424139454,2015-02-17 02:17:34,too much love interest
537,80906,business,1424461859,2015-02-20 19:50:59,business
537,80906,corruption,1424461848,2015-02-20 19:50:48,corruption
537,80906,economics,1424461852,2015-02-20 19:50:52,economics
537,80906,investor corruption,1424461854,2015-02-20 19:50:54,investor corruption
537,80906,politics,1424461849,2015-02-20 19:50:49,politics
537,80906,truth,1424461857,2015-02-20 19:50:57,truth
537,89745,Captain America,1424140576,2015-02-17 02:36:16,captain america
537,89745,silly,1424140613,2015-02-17 02:36:53,silly
537,89745,superhero,1424140571,2015-02-17 02:36:11,superhero
537,89745,superhero team,1424140598,2015-02-17 02:36:38,superhero team
537,90439,bank,1424141059,2015-02-17 02:44:19,bank
537,90439,big corporations,1424138651,2015-02-17 02:04:11,big corporations
537,90439,business,1424138635,2015-02-17 02:03:55,business
537,90439,corruption,1424138654,2015-02-17 02:04:14,corruption
537,90439,financial crisis,1424138667,2015-02-17 02:04:27,financial crisis
537,90439,Kevin Spacey,1424138645,2015-02-17 02:04:05,kevin spacey
537,90439,realistic,1424138641,2015-02-17 02:04:01,realistic
537,90439,suspense,1424141005,2015-02-17 02:43:25,suspense
537,90439,Wall Street,1424141052,2015-02-17 02:44:12,wall street
537,92259,emotional,1424141413,2015-02-17 02:50:13,emotional
537,92259,sexuality,1424141386,2015-02-17 02:49:46,sexuality
537,95067,interesting scenario,1424140932,2015-02-17 02:42:12,interesting scenario
537,95441,crude humor,1424140358,2015-02-17 02:32:38,crude humor
537,97304,cia,1424138568,2015-02-17 02:02:48,cia
537,97304,politics,1424138581,2015-02-17 02:03:01,politics
537,97304,Thrilling,1424138560,2015-02-17 02:02:40,thrilling
537,99114,Soundtrack,1424140415,2015-02-17 02:33:35,soundtrack
537,104218,Adam Sandler,1424317302,2015-02-19 03:41:42,adam sandler
537,104841,cliche characters,1424140813,2015-02-17 02:40:13,cliche characters
537,104841,long shots,1424140806,2015-02-17 02:40:06,long shots
537,104841,predictable,1424140784,2015-02-17 02:39:44,predictable
537,104841,Simple,1424140794,2015-02-17 02:39:54,simple
537,104841,slow action,1424140827,2015-02-17 02:40:27,slow action
537,104841,visually appealing,1424140838,2015-02-17 02:40:38,visually appealing
537,105504,hostage,1424141178,2015-02-17 02:46:18,hostage
537,105504,ocean,1424141170,2015-02-17 02:46:10,ocean
537,105504,suspense,1424141149,2015-02-17 02:45:49,suspense
537,106782,Stock Market,1424142693,2015-02-17 03:11:33,stock market
537,106782,Wall Street,1424142688,2015-02-17 03:11:28,wall street
543,85565,Comedy,1377022063,2013-08-20 18:07:43,comedy
567,1,fun,1525286013,2018-05-02 18:33:33,fun
567,101,off-beat comedy,1525287216,2018-05-02 18:53:36,off-beat comedy
567,101,quirky,1525287214,2018-05-02 18:53:34,quirky
567,308,cynical,1525287798,2018-05-02 19:03:18,cynical
567,356,bittersweet,1525287545,2018-05-02 18:59:05,bittersweet
567,356,emotional,1525287537,2018-05-02 18:58:57,emotional
567,356,heartwarming,1525287541,2018-05-02 18:59:01,heartwarming
567,356,touching,1525287539,2018-05-02 18:58:59,touching
567,541,atmospheric,1525286590,2018-05-02 18:43:10,atmospheric
567,541,dreamlike,1525286588,2018-05-02 18:43:08,dreamlike
567,541,existentialism,1525286583,2018-05-02 18:43:03,existentialism
567,541,philosophical,1525286586,2018-05-02 18:43:06,philosophical
567,750,black comedy,1525287727,2018-05-02 19:02:07,black comedy
567,750,dark comedy,1525287724,2018-05-02 19:02:04,dark comedy
567,750,Quirky,1525287729,2018-05-02 19:02:09,quirky
567,1203,claustrophobic,1525283652,2018-05-02 17:54:12,claustrophobic
567,1203,confrontational,1525283610,2018-05-02 17:53:30,confrontational
567,1203,earnest,1525283658,2018-05-02 17:54:18,earnest
567,1203,good dialogue,1525283605,2018-05-02 17:53:25,good dialogue
567,1203,great screenplay,1525283612,2018-05-02 17:53:32,great screenplay
567,1203,gritty,1525283636,2018-05-02 17:53:56,gritty
567,1203,Motivational,1525283631,2018-05-02 17:53:51,motivational
567,1203,thought-provoking,1525283607,2018-05-02 17:53:27,thought-provoking
567,1237,atmospheric,1525286526,2018-05-02 18:42:06,atmospheric
567,1237,cerebral,1525286536,2018-05-02 18:42:16,cerebral
567,1237,existentialism,1525286523,2018-05-02 18:42:03,existentialism
567,1237,philosophical,1525286544,2018-05-02 18:42:24,philosophical
567,1237,reflective,1525286538,2018-05-02 18:42:18,reflective
567,1260,atmospheric,1525285649,2018-05-02 18:27:29,atmospheric
567,1260,chilly,1525285661,2018-05-02 18:27:41,chilly
567,1260,creepy,1525285667,2018-05-02 18:27:47,creepy
567,1260,menacing,1525285665,2018-05-02 18:27:45,menacing
567,1260,mental illness,1525285654,2018-05-02 18:27:34,mental illness
567,1260,oninous,1525285670,2018-05-02 18:27:50,oninous
567,1653,intelligent,1525287116,2018-05-02 18:51:56,intelligent
567,1653,thought-provoking,1525287118,2018-05-02 18:51:58,thought-provoking
567,1704,heartwarming,1525287326,2018-05-02 18:55:26,heartwarming
567,1704,inspirational,1525287323,2018-05-02 18:55:23,inspirational
567,1916,avant-garde romantic comedy,1525282933,2018-05-02 17:42:13,avant-garde romantic comedy
567,1916,elegiac,1525282961,2018-05-02 17:42:41,elegiac
567,1916,melancholy,1525282935,2018-05-02 17:42:15,melancholy
567,1916,quirky,1525282930,2018-05-02 17:42:10,quirky
567,1916,wry,1525282972,2018-05-02 17:42:52,wry
567,1921,artsy,1525287302,2018-05-02 18:55:02,artsy
567,1921,atmospheric,1525287273,2018-05-02 18:54:33,atmospheric
567,1921,cerebral,1525287286,2018-05-02 18:54:46,cerebral
567,1921,enigmatic,1525287289,2018-05-02 18:54:49,enigmatic
567,1921,existentialism,1525287275,2018-05-02 18:54:35,existentialism
567,1921,hallucinatory,1525287271,2018-05-02 18:54:31,hallucinatory
567,1921,insanity,1525287293,2018-05-02 18:54:53,insanity
567,1921,paranoia,1525287295,2018-05-02 18:54:55,paranoia
567,1921,paranoid,1525287277,2018-05-02 18:54:37,paranoid
567,1921,surreal,1525287281,2018-05-02 18:54:41,surreal
567,1921,tense,1525287285,2018-05-02 18:54:45,tense
567,1921,visually appealing,1525287283,2018-05-02 18:54:43,visually appealing
567,2138,atmospheric,1525283760,2018-05-02 17:56:00,atmospheric
567,2138,beautiful,1525283752,2018-05-02 17:55:52,beautiful
567,2324,bittersweet,1525285789,2018-05-02 18:29:49,bittersweet
567,2324,emotional,1525285791,2018-05-02 18:29:51,emotional
567,2324,Heartwarming,1525285795,2018-05-02 18:29:55,heartwarming
567,2324,poignant,1525285800,2018-05-02 18:30:00,poignant
567,2324,sentimental,1525285793,2018-05-02 18:29:53,sentimental
567,2324,tear jerker,1525285797,2018-05-02 18:29:57,tear jerker
567,2324,tearjerking,1525285787,2018-05-02 18:29:47,tearjerking
567,2731,emotional,1525285761,2018-05-02 18:29:21,emotional
567,2731,gentle,1525285768,2018-05-02 18:29:28,gentle
567,2731,heartwarming,1525285770,2018-05-02 18:29:30,heartwarming
567,2731,lyrical,1525285763,2018-05-02 18:29:23,lyrical
567,2731,reflective,1525285753,2018-05-02 18:29:13,reflective
567,3134,downbeat,1525287634,2018-05-02 19:00:34,downbeat
567,3134,poignant,1525287636,2018-05-02 19:00:36,poignant
567,3266,black comedy,1525283004,2018-05-02 17:43:24,black comedy
567,3266,crazy,1525283002,2018-05-02 17:43:22,crazy
567,3266,dark,1525282999,2018-05-02 17:43:19,dark
567,3266,dark comedy,1525282995,2018-05-02 17:43:15,dark comedy
567,3266,dark humor,1525283008,2018-05-02 17:43:28,dark humor
567,3266,serial killer,1525283012,2018-05-02 17:43:32,serial killer
567,3424,great cinematography,1525284096,2018-05-02 18:01:36,great cinematography
567,3671,dark humor,1525283215,2018-05-02 17:46:55,dark humor
567,3671,easygoing,1525283227,2018-05-02 17:47:07,easygoing
567,3671,silly,1525283225,2018-05-02 17:47:05,silly
567,3676,art house,1525282858,2018-05-02 17:40:58,art house
567,3676,Atmospheric,1525282843,2018-05-02 17:40:43,atmospheric
567,3676,creepy,1525282842,2018-05-02 17:40:42,creepy
567,3676,cryptic,1525282831,2018-05-02 17:40:31,cryptic
567,3676,dark,1525282860,2018-05-02 17:41:00,dark
567,3676,disturbing,1525282840,2018-05-02 17:40:40,disturbing
567,3676,dreamlike,1525282845,2018-05-02 17:40:45,dreamlike
567,3676,enigmatic,1525282838,2018-05-02 17:40:38,enigmatic
567,3676,fucked up,1525282866,2018-05-02 17:41:06,fucked up
567,3676,gruesome,1525282863,2018-05-02 17:41:03,gruesome
567,3676,hallucinatory,1525282848,2018-05-02 17:40:48,hallucinatory
567,3676,Insane,1525282856,2018-05-02 17:40:56,insane
567,3676,paranoid,1525282868,2018-05-02 17:41:08,paranoid
567,3676,strange,1525282854,2018-05-02 17:40:54,strange
567,3676,surreal,1525282828,2018-05-02 17:40:28,surreal
567,3676,weird,1525282851,2018-05-02 17:40:51,weird
567,3994,atmospheric,1525285498,2018-05-02 18:24:58,atmospheric
567,3994,somber,1525285503,2018-05-02 18:25:03,somber
567,4144,atmospheric,1525283524,2018-05-02 17:52:04,atmospheric
567,4144,Beautiful,1525283566,2018-05-02 17:52:46,beautiful
567,4144,bittersweet,1525283563,2018-05-02 17:52:43,bittersweet
567,4144,dreamy,1525283557,2018-05-02 17:52:37,dreamy
567,4144,elegant,1525283529,2018-05-02 17:52:09,elegant
567,4144,heartbreaking,1525283540,2018-05-02 17:52:20,heartbreaking
567,4144,intimate,1525283535,2018-05-02 17:52:15,intimate
567,4144,loneliness,1525283527,2018-05-02 17:52:07,loneliness
567,4144,long takes,1525283572,2018-05-02 17:52:52,long takes
567,4144,longing,1525283542,2018-05-02 17:52:22,longing
567,4144,melancholic,1525283526,2018-05-02 17:52:06,melancholic
567,4144,melancholy,1525283531,2018-05-02 17:52:11,melancholy
567,4144,moody,1525283533,2018-05-02 17:52:13,moody
567,4144,nocturnal,1525283537,2018-05-02 17:52:17,nocturnal
567,4144,romantic,1525283568,2018-05-02 17:52:48,romantic
567,4144,Unique,1525283560,2018-05-02 17:52:40,unique
567,4144,visually appealing,1525283544,2018-05-02 17:52:24,visually appealing
567,4144,visually stunning,1525283550,2018-05-02 17:52:30,visually stunning
567,4226,cerebral,1525282541,2018-05-02 17:35:41,cerebral
567,4226,dreamlike,1525282545,2018-05-02 17:35:45,dreamlike
567,4552,"""artsy""",1525285878,2018-05-02 18:31:18,"""artsy"""
567,4552,atmospheric,1525285874,2018-05-02 18:31:14,atmospheric
567,4552,gritty,1525285880,2018-05-02 18:31:20,gritty
567,4552,hallucinatory,1525285875,2018-05-02 18:31:15,hallucinatory
567,4552,surreal,1525285865,2018-05-02 18:31:05,surreal
567,4552,visually stunning,1525285872,2018-05-02 18:31:12,visually stunning
567,4878,atmospheric,1525282581,2018-05-02 17:36:21,atmospheric
567,4878,cerebral,1525282593,2018-05-02 17:36:33,cerebral
567,4878,dreamlike,1525282577,2018-05-02 17:36:17,dreamlike
567,4878,enigmatic,1525282598,2018-05-02 17:36:38,enigmatic
567,4878,hallucinatory,1525282590,2018-05-02 17:36:30,hallucinatory
567,4878,mental illness,1525282579,2018-05-02 17:36:19,mental illness
567,4878,mindfuck,1525282602,2018-05-02 17:36:42,mindfuck
567,4878,philosophy,1525282583,2018-05-02 17:36:23,philosophy
567,4878,psychological,1525282595,2018-05-02 17:36:35,psychological
567,4878,quirky,1525282588,2018-05-02 17:36:28,quirky
567,4878,surreal,1525282571,2018-05-02 17:36:11,surreal
567,4878,thought-provoking,1525282573,2018-05-02 17:36:13,thought-provoking
567,4878,weird,1525282585,2018-05-02 17:36:25,weird
567,5673,anger,1525282648,2018-05-02 17:37:28,anger
567,5673,awkward,1525282635,2018-05-02 17:37:15,awkward
567,5673,bittersweet,1525282627,2018-05-02 17:37:07,bittersweet
567,5673,hallucinatory,1525282650,2018-05-02 17:37:30,hallucinatory
567,5673,quirky,1525282629,2018-05-02 17:37:09,quirky
567,5673,sad,1525282646,2018-05-02 17:37:26,sad
567,5673,surreal,1525282654,2018-05-02 17:37:34,surreal
567,5673,symbolism,1525282652,2018-05-02 17:37:32,symbolism
567,5673,tense,1525282631,2018-05-02 17:37:11,tense
567,5673,unconventional,1525282616,2018-05-02 17:36:56,unconventional
567,5673,unique,1525282637,2018-05-02 17:37:17,unique
567,5673,wistful,1525282643,2018-05-02 17:37:23,wistful
567,5690,beautiful,1525283799,2018-05-02 17:56:39,beautiful
567,5690,downbeat,1525283801,2018-05-02 17:56:41,downbeat
567,5690,grim,1525283797,2018-05-02 17:56:37,grim
567,5690,poignant,1525283788,2018-05-02 17:56:28,poignant
567,5690,tear jerker,1525283804,2018-05-02 17:56:44,tear jerker
567,5690,tragedy,1525283795,2018-05-02 17:56:35,tragedy
567,5690,tragic,1525283809,2018-05-02 17:56:49,tragic
567,6214,dark,1525283391,2018-05-02 17:49:51,dark
567,6214,disturbing,1525283383,2018-05-02 17:49:43,disturbing
567,6291,Depressing,1525287038,2018-05-02 18:50:38,depressing
567,6291,melancholy,1525287040,2018-05-02 18:50:40,melancholy
567,6291,sad,1525287050,2018-05-02 18:50:50,sad
567,6377,heartwarming,1525286742,2018-05-02 18:45:42,heartwarming
567,6669,meditative,1525286218,2018-05-02 18:36:58,meditative
567,6669,philosophical,1525286214,2018-05-02 18:36:54,philosophical
567,6669,poignant,1525286220,2018-05-02 18:37:00,poignant
567,6669,purposefulness,1525286216,2018-05-02 18:36:56,purposefulness
567,6818,atmospheric,1525282332,2018-05-02 17:32:12,atmospheric
567,6818,bleak,1525282333,2018-05-02 17:32:13,bleak
567,6818,disturbing,1525282337,2018-05-02 17:32:17,disturbing
567,6818,gritty,1525282340,2018-05-02 17:32:20,gritty
567,6818,harsh,1525282335,2018-05-02 17:32:15,harsh
567,7024,bleak,1525283990,2018-05-02 17:59:50,bleak
567,7024,confrontational,1525284016,2018-05-02 18:00:16,confrontational
567,7024,disturbing,1525283975,2018-05-02 17:59:35,disturbing
567,7024,harsh,1525283987,2018-05-02 17:59:47,harsh
567,7024,haunting,1525284009,2018-05-02 18:00:09,haunting
567,7024,inhumane,1525284013,2018-05-02 18:00:13,inhumane
567,7024,thought-provoking,1525283979,2018-05-02 17:59:39,thought-provoking
567,7361,arthouse,1525282744,2018-05-02 17:39:04,arthouse
567,7361,artistic,1525282751,2018-05-02 17:39:11,artistic
567,7361,atmospheric,1525282731,2018-05-02 17:38:51,atmospheric
567,7361,beautiful,1525282670,2018-05-02 17:37:50,beautiful
567,7361,bittersweet,1525282677,2018-05-02 17:37:57,bittersweet
567,7361,colourful,1525282696,2018-05-02 17:38:16,colourful
567,7361,comedy,1525282701,2018-05-02 17:38:21,comedy
567,7361,dreamlike,1525282681,2018-05-02 17:38:01,dreamlike
567,7361,emotional,1525282667,2018-05-02 17:37:47,emotional
567,7361,feel-good,1525282786,2018-05-02 17:39:46,feel-good
567,7361,happpiness,1525282735,2018-05-02 17:38:55,happpiness
567,7361,humane,1525282811,2018-05-02 17:40:11,humane
567,7361,insightful,1525282724,2018-05-02 17:38:44,insightful
567,7361,intelligent,1525282746,2018-05-02 17:39:06,intelligent
567,7361,lovely,1525282737,2018-05-02 17:38:57,lovely
567,7361,melancholy,1525282692,2018-05-02 17:38:12,melancholy
567,7361,mind-bending,1525282728,2018-05-02 17:38:48,mind-bending
567,7361,philosophy,1525282673,2018-05-02 17:37:53,philosophy
567,7361,quirky,1525282687,2018-05-02 17:38:07,quirky
567,7361,quirky romantic,1525282715,2018-05-02 17:38:35,quirky romantic
567,7361,romantic,1525282694,2018-05-02 17:38:14,romantic
567,7361,surreal,1525282704,2018-05-02 17:38:24,surreal
567,7361,surrealism,1525282683,2018-05-02 17:38:03,surrealism
567,7361,thought-provoking,1525282689,2018-05-02 17:38:09,thought-provoking
567,8335,heartbreaking,1525285746,2018-05-02 18:29:06,heartbreaking
567,8477,post-apocalyptic,1525282477,2018-05-02 17:34:37,post-apocalyptic
567,25771,mindfuck,1525282469,2018-05-02 17:34:29,mindfuck
567,25771,surreal,1525282464,2018-05-02 17:34:24,surreal
567,25771,surrealism,1525282466,2018-05-02 17:34:26,surrealism
567,26717,boring,1525285892,2018-05-02 18:31:32,boring
567,26717,psychedelic,1525285894,2018-05-02 18:31:34,psychedelic
567,26717,symbolic,1525285896,2018-05-02 18:31:36,symbolic
567,27773,bizarre,1525283311,2018-05-02 17:48:31,bizarre
567,27773,claustrophobic,1525283317,2018-05-02 17:48:37,claustrophobic
567,27773,depressing,1525283303,2018-05-02 17:48:23,depressing
567,27773,disturbing,1525283306,2018-05-02 17:48:26,disturbing
567,27773,hallucinatory,1525283304,2018-05-02 17:48:24,hallucinatory
567,27773,paranoid,1525283318,2018-05-02 17:48:38,paranoid
567,27773,surreal,1525283313,2018-05-02 17:48:33,surreal
567,27773,twisted,1525283339,2018-05-02 17:48:59,twisted
567,30810,heartwarming,1525284057,2018-05-02 18:00:57,heartwarming
567,30810,off-beat comedy,1525284048,2018-05-02 18:00:48,off-beat comedy
567,30810,quirky,1525284031,2018-05-02 18:00:31,quirky
567,30810,trippy,1525284067,2018-05-02 18:01:07,trippy
567,30810,visually appealing,1525284041,2018-05-02 18:00:41,visually appealing
567,30810,whimsical,1525284034,2018-05-02 18:00:34,whimsical
567,40491,depression,1525282384,2018-05-02 17:33:04,depression
567,45880,cinematography,1525287347,2018-05-02 18:55:47,cinematography
567,45880,lyrical,1525287351,2018-05-02 18:55:51,lyrical
567,48394,atmospheric,1525286824,2018-05-02 18:47:04,atmospheric
567,48394,bittersweet,1525286830,2018-05-02 18:47:10,bittersweet
567,48394,visually appealing,1525286827,2018-05-02 18:47:07,visually appealing
567,48780,atmospheric,1525286470,2018-05-02 18:41:10,atmospheric
567,48780,enigmatic,1525286468,2018-05-02 18:41:08,enigmatic
567,50872,clever,1525283885,2018-05-02 17:58:05,clever
567,50872,inspirational,1525283888,2018-05-02 17:58:08,inspirational
567,56782,atmospheric,1525283248,2018-05-02 17:47:28,atmospheric
567,56782,cerebral,1525283239,2018-05-02 17:47:19,cerebral
567,56782,character study,1525283288,2018-05-02 17:48:08,character study
567,56782,gritty,1525283242,2018-05-02 17:47:22,gritty
567,56782,intense,1525283245,2018-05-02 17:47:25,intense
567,56782,long shots,1525283253,2018-05-02 17:47:33,long shots
567,56782,morality,1525283268,2018-05-02 17:47:48,morality
567,56782,visually appealing,1525283236,2018-05-02 17:47:16,visually appealing
567,57502,abstract,1525285566,2018-05-02 18:26:06,abstract
567,57502,dark,1525285567,2018-05-02 18:26:07,dark
567,57502,psychedelic,1525285561,2018-05-02 18:26:01,psychedelic
567,57502,surreal,1525285558,2018-05-02 18:25:58,surreal
567,58301,dark,1525283356,2018-05-02 17:49:16,dark
567,58301,dark humor,1525283360,2018-05-02 17:49:20,dark humor
567,58301,intelligent,1525283358,2018-05-02 17:49:18,intelligent
567,58301,thought-provoking,1525283367,2018-05-02 17:49:27,thought-provoking
567,58559,dark,1525285594,2018-05-02 18:26:34,dark
567,58559,gritty,1525285601,2018-05-02 18:26:41,gritty
567,63062,emotional,1525286194,2018-05-02 18:36:34,emotional
567,68954,bittersweet,1525286758,2018-05-02 18:45:58,bittersweet
567,68954,emotional,1525286759,2018-05-02 18:45:59,emotional
567,68954,heartbreaking,1525286755,2018-05-02 18:45:55,heartbreaking
567,68954,touching,1525286762,2018-05-02 18:46:02,touching
567,71899,bittersweet,1525283044,2018-05-02 17:44:04,bittersweet
567,71899,black comedy,1525283050,2018-05-02 17:44:10,black comedy
567,71899,character study,1525283036,2018-05-02 17:43:56,character study
567,71899,dark comedy,1525283033,2018-05-02 17:43:53,dark comedy
567,71899,friendship,1525283029,2018-05-02 17:43:49,friendship
567,71899,loneliness,1525283039,2018-05-02 17:43:59,loneliness
567,71899,mental illness,1525283031,2018-05-02 17:43:51,mental illness
567,71899,philosophical,1525283034,2018-05-02 17:43:54,philosophical
567,71899,poignant,1525283043,2018-05-02 17:44:03,poignant
567,71899,quirky,1525283048,2018-05-02 17:44:08,quirky
567,71899,sad,1525283041,2018-05-02 17:44:01,sad
567,71899,sweet,1525283052,2018-05-02 17:44:12,sweet
567,71899,touching,1525283027,2018-05-02 17:43:47,touching
567,74791,surreal,1525286112,2018-05-02 18:35:12,surreal
567,74791,whimsical,1525286110,2018-05-02 18:35:10,whimsical
567,79132,cerebral,1525287390,2018-05-02 18:56:30,cerebral
567,79132,dreamlike,1525287383,2018-05-02 18:56:23,dreamlike
567,79132,philosophy,1525287385,2018-05-02 18:56:25,philosophy
567,79132,thought-provoking,1525287380,2018-05-02 18:56:20,thought-provoking
567,80463,good dialogue,1525286347,2018-05-02 18:39:07,good dialogue
567,80463,loneliness,1525286325,2018-05-02 18:38:45,loneliness
567,80463,witty,1525286317,2018-05-02 18:38:37,witty
567,89745,fun,1525285537,2018-05-02 18:25:37,fun
567,89745,great humor,1525285534,2018-05-02 18:25:34,great humor
567,89745,visually appealing,1525285532,2018-05-02 18:25:32,visually appealing
567,94959,quirky,1525286360,2018-05-02 18:39:20,quirky
567,95558,Beautiful,1525287504,2018-05-02 18:58:24,beautiful
567,95558,emotional,1525287499,2018-05-02 18:58:19,emotional
567,95558,poetic,1525287506,2018-05-02 18:58:26,poetic
567,96079,beautiful cinematography,1525287362,2018-05-02 18:56:02,beautiful cinematography
567,96079,beautifully filmed,1525287364,2018-05-02 18:56:04,beautifully filmed
567,96079,cinematography,1525287366,2018-05-02 18:56:06,cinematography
567,99764,moving,1525282453,2018-05-02 17:34:13,moving
567,99764,philosopical,1525282451,2018-05-02 17:34:11,philosopical
567,99764,surreal,1525282456,2018-05-02 17:34:16,surreal
567,99764,weird,1525282455,2018-05-02 17:34:15,weird
567,99917,artistic,1525286643,2018-05-02 18:44:03,artistic
567,99917,artsy,1525286654,2018-05-02 18:44:14,artsy
567,99917,atmospheric,1525286652,2018-05-02 18:44:12,atmospheric
567,99917,Beautiful,1525286645,2018-05-02 18:44:05,beautiful
567,99917,dreamlike,1525286649,2018-05-02 18:44:09,dreamlike
567,99917,existentialism,1525286647,2018-05-02 18:44:07,existentialism
567,104875,quirky,1525285913,2018-05-02 18:31:53,quirky
567,104944,emotional,1525285982,2018-05-02 18:33:02,emotional
567,104944,feel-good,1525285975,2018-05-02 18:32:55,feel-good
567,104944,heartwarming,1525285984,2018-05-02 18:33:04,heartwarming
567,104944,mental illness,1525285990,2018-05-02 18:33:10,mental illness
567,104944,touching,1525285973,2018-05-02 18:32:53,touching
567,105504,suspense,1525286930,2018-05-02 18:48:50,suspense
567,105504,tense,1525286932,2018-05-02 18:48:52,tense
567,106766,atmospheric,1525283920,2018-05-02 17:58:40,atmospheric
567,106766,cinematography,1525283924,2018-05-02 17:58:44,cinematography
567,106766,depressing,1525283919,2018-05-02 17:58:39,depressing
567,106766,funny,1525283917,2018-05-02 17:58:37,funny
567,107406,fatalistic,1525286785,2018-05-02 18:46:25,fatalistic
567,108932,cheeky,1525283702,2018-05-02 17:55:02,cheeky
567,108932,clever,1525283675,2018-05-02 17:54:35,clever
567,108932,colorful,1525283676,2018-05-02 17:54:36,colorful
567,108932,feel-good,1525283700,2018-05-02 17:55:00,feel-good
567,108932,fun,1525283672,2018-05-02 17:54:32,fun
567,108932,imaginative,1525283681,2018-05-02 17:54:41,imaginative
567,108932,quirky,1525283678,2018-05-02 17:54:38,quirky
567,109487,bad dialogue,1525287562,2018-05-02 18:59:22,bad dialogue
567,109487,philosophical issues,1525287571,2018-05-02 18:59:31,philosophical issues
567,109487,thought-provoking,1525287567,2018-05-02 18:59:27,thought-provoking
567,109487,visually appealing,1525287559,2018-05-02 18:59:19,visually appealing
567,112421,adorable,1525283433,2018-05-02 17:50:33,adorable
567,112421,black comedy,1525283421,2018-05-02 17:50:21,black comedy
567,112421,Eccentric,1525283427,2018-05-02 17:50:27,eccentric
567,112421,introspection,1525283425,2018-05-02 17:50:25,introspection
567,112421,mental illness,1525283417,2018-05-02 17:50:17,mental illness
567,112421,quirky,1525283419,2018-05-02 17:50:19,quirky
567,112552,inspirational,1525286276,2018-05-02 18:37:56,inspirational
567,112552,inspiring,1525286278,2018-05-02 18:37:58,inspiring
567,112552,intense,1525286274,2018-05-02 18:37:54,intense
567,112852,funny,1525285382,2018-05-02 18:23:02,funny
567,112852,Great Visuals,1525285333,2018-05-02 18:22:13,great visuals
567,112852,humorous,1525285336,2018-05-02 18:22:16,humorous
567,112852,unlikely hero,1525285378,2018-05-02 18:22:58,unlikely hero
567,113705,bittersweet,1525286093,2018-05-02 18:34:53,bittersweet
567,114627,atmospheric,1525286623,2018-05-02 18:43:43,atmospheric
567,114627,bizzare,1525286627,2018-05-02 18:43:47,bizzare
567,114627,eerie,1525286621,2018-05-02 18:43:41,eerie
567,114627,symbolism,1525286619,2018-05-02 18:43:39,symbolism
567,116797,inspirational,1525286868,2018-05-02 18:47:48,inspirational
567,116797,intelligent,1525286865,2018-05-02 18:47:45,intelligent
567,117877,philosophical,1525287615,2018-05-02 19:00:15,philosophical
567,117877,trippy,1525287611,2018-05-02 19:00:11,trippy
567,117887,heartwarming,1525285938,2018-05-02 18:32:18,heartwarming
567,119145,slick,1525286728,2018-05-02 18:45:28,slick
567,122882,beautiful,1525283844,2018-05-02 17:57:24,beautiful
567,122882,cinematography,1525283853,2018-05-02 17:57:33,cinematography
567,122882,visually appealing,1525283836,2018-05-02 17:57:16,visually appealing
567,122912,Dark,1525282411,2018-05-02 17:33:31,dark
567,122912,emotional,1525282392,2018-05-02 17:33:12,emotional
567,122912,Sad,1525282400,2018-05-02 17:33:20,sad
567,122912,Visually appealing,1525282405,2018-05-02 17:33:25,visually appealing
567,122912,Visually stunning,1525282403,2018-05-02 17:33:23,visually stunning
567,122916,awesome,1525285267,2018-05-02 18:21:07,awesome
567,122916,humor,1525285285,2018-05-02 18:21:25,humor
567,122916,quirky,1525285291,2018-05-02 18:21:31,quirky
567,122916,unconventional,1525285265,2018-05-02 18:21:05,unconventional
567,122916,white guilt,1525285281,2018-05-02 18:21:21,white guilt
567,122918,fun,1525286132,2018-05-02 18:35:32,fun
567,122922,visually appealing,1525287157,2018-05-02 18:52:37,visually appealing
567,127298,depressing,1525286249,2018-05-02 18:37:29,depressing
567,127298,understated,1525286256,2018-05-02 18:37:36,understated
567,134130,smart,1525287677,2018-05-02 19:01:17,smart
567,134170,funny,1525283492,2018-05-02 17:51:32,funny
567,134170,ridiculous,1525283483,2018-05-02 17:51:23,ridiculous
567,134170,silly,1525283502,2018-05-02 17:51:42,silly
567,138036,slick,1525287196,2018-05-02 18:53:16,slick
567,138036,stylish,1525287190,2018-05-02 18:53:10,stylish
567,139385,cinematography,1525287409,2018-05-02 18:56:49,cinematography
567,139385,visually appealing,1525287413,2018-05-02 18:56:53,visually appealing
567,139385,Visually Striking,1525287426,2018-05-02 18:57:06,visually striking
567,139644,atmospheric,1525286568,2018-05-02 18:42:48,atmospheric
567,139644,tension,1525286565,2018-05-02 18:42:45,tension
567,140174,moving,1525287480,2018-05-02 18:58:00,moving
567,140174,touching,1525287482,2018-05-02 18:58:02,touching
567,141890,Moving,1525286977,2018-05-02 18:49:37,moving
567,143367,contemplative,1525283159,2018-05-02 17:45:59,contemplative
567,143367,philosophical,1525283157,2018-05-02 17:45:57,philosophical
567,143367,thought-provoking,1525283155,2018-05-02 17:45:55,thought-provoking
567,143367,tragic,1525283168,2018-05-02 17:46:08,tragic
567,148626,funny,1525287708,2018-05-02 19:01:48,funny
567,148626,interesting,1525287704,2018-05-02 19:01:44,interesting
567,148626,Witty,1525287702,2018-05-02 19:01:42,witty
567,148881,Existential,1525282419,2018-05-02 17:33:39,existential
567,148881,surreal,1525282422,2018-05-02 17:33:42,surreal
567,152077,creepy,1525287447,2018-05-02 18:57:27,creepy
567,152077,suspense,1525287443,2018-05-02 18:57:23,suspense
567,153070,nightmare,1525282902,2018-05-02 17:41:42,nightmare
567,155288,suspense,1525286165,2018-05-02 18:36:05,suspense
567,155288,thought-provoking,1525286163,2018-05-02 18:36:03,thought-provoking
567,156605,quirky,1525283453,2018-05-02 17:50:53,quirky
567,156605,sweet,1525283455,2018-05-02 17:50:55,sweet
567,156605,understated,1525283456,2018-05-02 17:50:56,understated
567,161634,intense,1525287241,2018-05-02 18:54:01,intense
567,164179,beautiful visuals,1525285690,2018-05-02 18:28:10,beautiful visuals
567,164179,Cerebral,1525285686,2018-05-02 18:28:06,cerebral
567,164179,cinematography,1525285696,2018-05-02 18:28:16,cinematography
567,164179,good cinematography,1525285706,2018-05-02 18:28:26,good cinematography
567,164179,smart,1525285699,2018-05-02 18:28:19,smart
567,164179,thought-provoking,1525285688,2018-05-02 18:28:08,thought-provoking
567,164179,visually appealing,1525285693,2018-05-02 18:28:13,visually appealing
567,164909,Bittersweet,1525287656,2018-05-02 19:00:56,bittersweet
567,164909,visually appealing,1525287658,2018-05-02 19:00:58,visually appealing
567,167746,funny,1525285825,2018-05-02 18:30:25,funny
567,167746,heartwarming,1525285833,2018-05-02 18:30:33,heartwarming
567,168252,dark,1525283942,2018-05-02 17:59:02,dark
567,168252,emotional,1525283946,2018-05-02 17:59:06,emotional
567,168252,gritty,1525283940,2018-05-02 17:59:00,gritty
567,168252,heartbreaking,1525283948,2018-05-02 17:59:08,heartbreaking
567,168252,predictible plot,1525283957,2018-05-02 17:59:17,predictible plot
567,170945,paranoia,1525286504,2018-05-02 18:41:44,paranoia
567,170945,Suspenseful,1525286501,2018-05-02 18:41:41,suspenseful
567,174055,brilliant,1525285239,2018-05-02 18:20:39,brilliant
567,174055,inspiring,1525285236,2018-05-02 18:20:36,inspiring
567,174055,tense,1525285229,2018-05-02 18:20:29,tense
567,176371,atmospheric,1525283076,2018-05-02 17:44:36,atmospheric
567,176371,beautiful,1525283078,2018-05-02 17:44:38,beautiful
567,176371,cinematography,1525283075,2018-05-02 17:44:35,cinematography
567,176371,dark,1525283093,2018-05-02 17:44:53,dark
567,176371,dreamlike,1525283084,2018-05-02 17:44:44,dreamlike
567,176371,existentialism,1525283080,2018-05-02 17:44:40,existentialism
567,176371,moody,1525283086,2018-05-02 17:44:46,moody
567,176371,philosophical,1525283089,2018-05-02 17:44:49,philosophical
567,176419,allegorical,1525287584,2018-05-02 18:59:44,allegorical
567,176419,uncomfortable,1525287588,2018-05-02 18:59:48,uncomfortable
567,176419,unsettling,1525287586,2018-05-02 18:59:46,unsettling
567,180031,atmospheric,1525284150,2018-05-02 18:02:30,atmospheric
567,180031,dreamlike,1525284163,2018-05-02 18:02:43,dreamlike
567,180985,bad music,1525285320,2018-05-02 18:22:00,bad music
573,248,bad,1186589145,2007-08-08 16:05:45,bad
573,248,Sinbad,1186589145,2007-08-08 16:05:45,sinbad
573,413,Comedy,1186588856,2007-08-08 16:00:56,comedy
573,540,bad,1186588897,2007-08-08 16:01:37,bad
573,707,bad,1186588902,2007-08-08 16:01:42,bad
573,836,seen at the cinema,1186588944,2007-08-08 16:02:24,seen at the cinema
573,1441,Not Seen,1186588856,2007-08-08 16:00:56,not seen
573,1779,good,1186588894,2007-08-08 16:01:34,good
573,1801,seen more than once,1186588917,2007-08-08 16:01:57,seen more than once
573,2116,classic,1186588944,2007-08-08 16:02:24,classic
573,2431,bad,1186588902,2007-08-08 16:01:42,bad
573,2662,classic,1186588962,2007-08-08 16:02:42,classic
573,2951,bad,1186588901,2007-08-08 16:01:41,bad
573,4015,bad,1186589039,2007-08-08 16:03:59,bad
573,4343,really bad,1186589079,2007-08-08 16:04:39,really bad
573,4343,Seann William Scott,1186589079,2007-08-08 16:04:39,seann william scott
573,4446,sci-fi,1186588886,2007-08-08 16:01:26,sci-fi
573,4448,boring,1186589048,2007-08-08 16:04:08,boring
573,5064,remake,1186589036,2007-08-08 16:03:56,remake
573,5254,Great movie,1186589125,2007-08-08 16:05:25,great movie
573,5254,Wesley Snipes,1186589125,2007-08-08 16:05:25,wesley snipes
573,6016,not seen,1186588853,2007-08-08 16:00:53,not seen
573,6157,bad,1186589133,2007-08-08 16:05:33,bad
573,6157,Ben Affleck,1186589133,2007-08-08 16:05:33,ben affleck
573,6373,classic,1186588855,2007-08-08 16:00:55,classic
573,35836,BEST PICTURE,1186589105,2007-08-08 16:05:05,best picture
573,35836,classic,1186589105,2007-08-08 16:05:05,classic
573,35836,hilarious,1186589105,2007-08-08 16:05:05,hilarious
573,35836,steve carell,1186589105,2007-08-08 16:05:05,steve carell
573,52712,HORRIBLE ACTING,1186722048,2007-08-10 05:00:48,horrible acting
573,52712,interesting,1186722060,2007-08-10 05:01:00,interesting
599,293,Action,1498456142,2017-06-26 05:49:02,action
599,293,assassin,1498456106,2017-06-26 05:48:26,assassin
599,293,assassination,1498456192,2017-06-26 05:49:52,assassination
599,293,assassins,1498456184,2017-06-26 05:49:44,assassins
599,293,awkward romance,1498456167,2017-06-26 05:49:27,awkward romance
599,293,corruption,1498456155,2017-06-26 05:49:15,corruption
599,293,crime,1498456141,2017-06-26 05:49:01,crime
599,293,disturbing,1498456144,2017-06-26 05:49:04,disturbing
599,293,drama,1498456149,2017-06-26 05:49:09,drama
599,293,French,1498456150,2017-06-26 05:49:10,french
599,293,friendship,1498456139,2017-06-26 05:48:59,friendship
599,293,Gary Oldman,1498456130,2017-06-26 05:48:50,gary oldman
599,293,great acting,1498456128,2017-06-26 05:48:48,great acting
599,293,Guns,1498456179,2017-06-26 05:49:39,guns
599,293,hit men,1498456165,2017-06-26 05:49:25,hit men
599,293,hitman,1498456113,2017-06-26 05:48:33,hitman
599,293,humorous,1498456177,2017-06-26 05:49:37,humorous
599,293,imdb top 250,1498456175,2017-06-26 05:49:35,imdb top 250
599,293,Jean Reno,1498456121,2017-06-26 05:48:41,jean reno
599,293,Lolita theme,1498456188,2017-06-26 05:49:48,lolita theme
599,293,loneliness,1498456186,2017-06-26 05:49:46,loneliness
599,293,love story,1498456132,2017-06-26 05:48:52,love story
599,293,Luc Besson,1498456137,2017-06-26 05:48:57,luc besson
599,293,Natalie Portman,1498456126,2017-06-26 05:48:46,natalie portman
599,293,organized crime,1498456152,2017-06-26 05:49:12,organized crime
599,293,police,1498456181,2017-06-26 05:49:41,police
599,293,police corruption,1498456159,2017-06-26 05:49:19,police corruption
599,293,quirky,1498456135,2017-06-26 05:48:55,quirky
599,293,sniper,1498456182,2017-06-26 05:49:42,sniper
599,293,tense,1498456190,2017-06-26 05:49:50,tense
599,293,touching,1498456147,2017-06-26 05:49:07,touching
599,293,unique,1498456157,2017-06-26 05:49:17,unique
599,296,1990s,1498456537,2017-06-26 05:55:37,1990s
599,296,achronological,1498456475,2017-06-26 05:54:35,achronological
599,296,action,1498456356,2017-06-26 05:52:36,action
599,296,action packed,1498456535,2017-06-26 05:55:35,action packed
599,296,aggressive,1498456533,2017-06-26 05:55:33,aggressive
599,296,amazing,1498456678,2017-06-26 05:57:58,amazing
599,296,amazing dialogues,1498456473,2017-06-26 05:54:33,amazing dialogues
599,296,anthology,1498456531,2017-06-26 05:55:31,anthology
599,296,assassin,1498456382,2017-06-26 05:53:02,assassin
599,296,atmospheric,1498456376,2017-06-26 05:52:56,atmospheric
599,296,AWESOME,1498456559,2017-06-26 05:55:59,awesome
599,296,bad ass,1498456471,2017-06-26 05:54:31,bad ass
599,296,bad language,1498456469,2017-06-26 05:54:29,bad language
599,296,bad-ass,1498456676,2017-06-26 05:57:56,bad-ass
599,296,bible,1498456675,2017-06-26 05:57:55,bible
599,296,biblical references,1498456529,2017-06-26 05:55:29,biblical references
599,296,big boys with guns,1498456673,2017-06-26 05:57:53,big boys with guns
599,296,big name actors,1498456671,2017-06-26 05:57:51,big name actors
599,296,Black comedy,1498456350,2017-06-26 05:52:30,black comedy
599,296,black humor,1498456481,2017-06-26 05:54:41,black humor
599,296,black humour,1498456670,2017-06-26 05:57:50,black humour
599,296,blood,1498456448,2017-06-26 05:54:08,blood
599,296,blood splatters,1498456467,2017-06-26 05:54:27,blood splatters
599,296,bloody,1498456431,2017-06-26 05:53:51,bloody
599,296,bruce willis,1498456352,2017-06-26 05:52:32,bruce willis
599,296,brutality,1498456543,2017-06-26 05:55:43,brutality
599,296,casual violence,1498456669,2017-06-26 05:57:49,casual violence
599,296,character development,1498456527,2017-06-26 05:55:27,character development
599,296,characters,1498456466,2017-06-26 05:54:26,characters
599,296,classic,1498456360,2017-06-26 05:52:40,classic
599,296,classic movie,1498456667,2017-06-26 05:57:47,classic movie
599,296,coke,1498456666,2017-06-26 05:57:46,coke
599,296,comedy,1498456378,2017-06-26 05:52:58,comedy
599,296,conversation,1498456524,2017-06-26 05:55:24,conversation
599,296,cool,1498456405,2017-06-26 05:53:25,cool
599,296,cool style,1498456664,2017-06-26 05:57:44,cool style
599,296,crime,1498456353,2017-06-26 05:52:33,crime
599,296,crime scene scrubbing,1498456663,2017-06-26 05:57:43,crime scene scrubbing
599,296,cult,1498456391,2017-06-26 05:53:11,cult
599,296,cult classic,1498456522,2017-06-26 05:55:22,cult classic
599,296,cult film,1498456345,2017-06-26 05:52:25,cult film
599,296,dance,1498456661,2017-06-26 05:57:41,dance
599,296,dancing,1498456464,2017-06-26 05:54:24,dancing
599,296,dark,1498456404,2017-06-26 05:53:24,dark
599,296,dark comedy,1498456339,2017-06-26 05:52:19,dark comedy
599,296,dark humor,1498456385,2017-06-26 05:53:05,dark humor
599,296,dialogue,1498456395,2017-06-26 05:53:15,dialogue
599,296,different,1498456660,2017-06-26 05:57:40,different
599,296,diner,1498456658,2017-06-26 05:57:38,diner
599,296,disjointed timeline,1498456444,2017-06-26 05:54:04,disjointed timeline
599,296,disturbing,1498456521,2017-06-26 05:55:21,disturbing
599,296,drama,1498456561,2017-06-26 05:56:01,drama
599,296,drug overdose,1498456656,2017-06-26 05:57:36,drug overdose
599,296,drugs,1498456348,2017-06-26 05:52:28,drugs
599,296,drugs & music,1498456655,2017-06-26 05:57:35,drugs & music
599,296,ensemble cast,1498456419,2017-06-26 05:53:39,ensemble cast
599,296,entertaining,1498456519,2017-06-26 05:55:19,entertaining
599,296,entirely dialogue,1498456429,2017-06-26 05:53:49,entirely dialogue
599,296,episodic,1498456517,2017-06-26 05:55:17,episodic
599,296,exciting,1498456427,2017-06-26 05:53:47,exciting
599,296,fast paced,1498456436,2017-06-26 05:53:56,fast paced
599,296,fast-paced,1498456515,2017-06-26 05:55:15,fast-paced
599,296,film noir,1498456653,2017-06-26 05:57:33,film noir
599,296,film-noir,1498456622,2017-06-26 05:57:02,film-noir
599,296,foul language,1498456686,2017-06-26 05:58:06,foul language
599,296,fun,1498456421,2017-06-26 05:53:41,fun
599,296,funny,1498456383,2017-06-26 05:53:03,funny
599,296,gangster,1498456389,2017-06-26 05:53:09,gangster
599,296,gangsters,1498456406,2017-06-26 05:53:26,gangsters
599,296,genius,1498456589,2017-06-26 05:56:29,genius
599,296,golden watch,1498456513,2017-06-26 05:55:13,golden watch
599,296,good dialogue,1498456372,2017-06-26 05:52:52,good dialogue
599,296,good music,1498456396,2017-06-26 05:53:16,good music
599,296,gore,1498456511,2017-06-26 05:55:11,gore
599,296,great acting,1498456509,2017-06-26 05:55:09,great acting
599,296,great dialogue,1498456402,2017-06-26 05:53:22,great dialogue
599,296,great soundtrack,1498456380,2017-06-26 05:53:00,great soundtrack
599,296,gritty,1498456426,2017-06-26 05:53:46,gritty
599,296,guns,1498456450,2017-06-26 05:54:10,guns
599,296,Harvey Keitel,1498456684,2017-06-26 05:58:04,harvey keitel
599,296,heroin,1498456483,2017-06-26 05:54:43,heroin
599,296,Highly quotable,1498456400,2017-06-26 05:53:20,highly quotable
599,296,hit men,1498456412,2017-06-26 05:53:32,hit men
599,296,hitman,1498456505,2017-06-26 05:55:05,hitman
599,296,homosexuality,1498456562,2017-06-26 05:56:02,homosexuality
599,296,humour,1498456564,2017-06-26 05:56:04,humour
599,296,iconic,1498456488,2017-06-26 05:54:48,iconic
599,296,imdb top 250,1498456388,2017-06-26 05:53:08,imdb top 250
599,296,innovative,1498456490,2017-06-26 05:54:50,innovative
599,296,intellectual,1498456565,2017-06-26 05:56:05,intellectual
599,296,intelligent,1498456462,2017-06-26 05:54:22,intelligent
599,296,intense,1498456411,2017-06-26 05:53:31,intense
599,296,interesting,1498456541,2017-06-26 05:55:41,interesting
599,296,intertwining storylines,1498456460,2017-06-26 05:54:20,intertwining storylines
599,296,interwoven storylines,1498456567,2017-06-26 05:56:07,interwoven storylines
599,296,ironic,1498456491,2017-06-26 05:54:51,ironic
599,296,irony,1498456458,2017-06-26 05:54:18,irony
599,296,John Travolta,1498456374,2017-06-26 05:52:54,john travolta
599,296,killer-as-protagonist,1498456494,2017-06-26 05:54:54,killer-as-protagonist
599,296,los angeles,1498456569,2017-06-26 05:56:09,los angeles
599,296,Mafia,1498456414,2017-06-26 05:53:34,mafia
599,296,masterpiece,1498456371,2017-06-26 05:52:51,masterpiece
599,296,meaningless violence,1498456571,2017-06-26 05:56:11,meaningless violence
599,296,milkshake,1498456572,2017-06-26 05:56:12,milkshake
599,296,mobster,1498456574,2017-06-26 05:56:14,mobster
599,296,mobsters,1498456575,2017-06-26 05:56:15,mobsters
599,296,monologue,1498456577,2017-06-26 05:56:17,monologue
599,296,motherfucker,1498456497,2017-06-26 05:54:57,motherfucker
599,296,multiple stories,1498456498,2017-06-26 05:54:58,multiple stories
599,296,multiple storylines,1498456343,2017-06-26 05:52:23,multiple storylines
599,296,neo-noir,1498456486,2017-06-26 05:54:46,neo-noir
599,296,noir,1498456408,2017-06-26 05:53:28,noir
599,296,non-linear,1498456367,2017-06-26 05:52:47,non-linear
599,296,non-linear timeline,1498456578,2017-06-26 05:56:18,non-linear timeline
599,296,nonlinear,1498456341,2017-06-26 05:52:21,nonlinear
599,296,nonlinear narrative,1498456457,2017-06-26 05:54:17,nonlinear narrative
599,296,nonlinear storyline,1498456580,2017-06-26 05:56:20,nonlinear storyline
599,296,nonlinear timeline,1498456581,2017-06-26 05:56:21,nonlinear timeline
599,296,notable soundtrack,1498456393,2017-06-26 05:53:13,notable soundtrack
599,296,offensive,1498456583,2017-06-26 05:56:23,offensive
599,296,organised crime,1498456585,2017-06-26 05:56:25,organised crime
599,296,organized crime,1498456363,2017-06-26 05:52:43,organized crime
599,296,original,1498456479,2017-06-26 05:54:39,original
599,296,original plot,1498456455,2017-06-26 05:54:15,original plot
599,296,out of order,1498456586,2017-06-26 05:56:26,out of order
599,296,Palme d'Or,1498456690,2017-06-26 05:58:10,palme d'or
599,296,parody,1498456591,2017-06-26 05:56:31,parody
599,296,philosophical,1498456500,2017-06-26 05:55:00,philosophical
599,296,pop culture references,1498456478,2017-06-26 05:54:38,pop culture references
599,296,psychological,1498456593,2017-06-26 05:56:33,psychological
599,296,pulp,1498456484,2017-06-26 05:54:44,pulp
599,296,Quentin Tarantino,1498456338,2017-06-26 05:52:18,quentin tarantino
599,296,quirky,1498456364,2017-06-26 05:52:44,quirky
599,296,Quotable,1498456446,2017-06-26 05:54:06,quotable
599,296,r:disturbing violent content including rape,1498456502,2017-06-26 05:55:02,r:disturbing violent content including rape
599,296,r:disturbing violent images,1498456595,2017-06-26 05:56:35,r:disturbing violent images
599,296,r:graphic sexuality,1498456597,2017-06-26 05:56:37,r:graphic sexuality
599,296,r:some violence,1498456599,2017-06-26 05:56:39,r:some violence
599,296,r:strong bloody violence,1498456601,2017-06-26 05:56:41,r:strong bloody violence
599,296,r:strong language,1498456452,2017-06-26 05:54:12,r:strong language
599,296,r:sustained strong stylized violence,1498456603,2017-06-26 05:56:43,r:sustained strong stylized violence
599,296,r:violence,1498456424,2017-06-26 05:53:44,r:violence
599,296,random,1498456503,2017-06-26 05:55:03,random
599,296,rape,1498456417,2017-06-26 05:53:37,rape
599,296,retro,1498456442,2017-06-26 05:54:02,retro
599,296,Roger Avary,1498456682,2017-06-26 05:58:02,roger avary
599,296,royal with cheese,1498456610,2017-06-26 05:56:50,royal with cheese
599,296,Samuel L. Jackson,1498456342,2017-06-26 05:52:22,samuel l. jackson
599,296,sarcasm,1498456612,2017-06-26 05:56:52,sarcasm
599,296,satire,1498456614,2017-06-26 05:56:54,satire
599,296,sexy,1498456615,2017-06-26 05:56:55,sexy
599,296,smart writing,1498456617,2017-06-26 05:56:57,smart writing
599,296,sophisticated,1498456618,2017-06-26 05:56:58,sophisticated
599,296,soundtrack,1498456439,2017-06-26 05:53:59,soundtrack
599,296,splatter,1498456620,2017-06-26 05:57:00,splatter
599,296,Steve Buscemi,1498456694,2017-06-26 05:58:14,steve buscemi
599,296,storytelling,1498456375,2017-06-26 05:52:55,storytelling
599,296,stylish,1498456398,2017-06-26 05:53:18,stylish
599,296,stylized,1498456354,2017-06-26 05:52:34,stylized
599,296,suspense,1498456680,2017-06-26 05:58:00,suspense
599,296,Tarantino,1498456358,2017-06-26 05:52:38,tarantino
599,296,thought-provoking,1498456638,2017-06-26 05:57:18,thought-provoking
599,296,thriller,1498456415,2017-06-26 05:53:35,thriller
599,296,travolta,1498456539,2017-06-26 05:55:39,travolta
599,296,twist ending,1498456639,2017-06-26 05:57:19,twist ending
599,296,Uma Thurman,1498456370,2017-06-26 05:52:50,uma thurman
599,296,unique,1498456641,2017-06-26 05:57:21,unique
599,296,unpredictable,1498456476,2017-06-26 05:54:36,unpredictable
599,296,unusual,1498456642,2017-06-26 05:57:22,unusual
599,296,very funny,1498456434,2017-06-26 05:53:54,very funny
599,296,violence,1498456347,2017-06-26 05:52:27,violence
599,296,violent,1498456366,2017-06-26 05:52:46,violent
599,296,witty,1498456437,2017-06-26 05:53:57,witty
599,924,aliens,1498456783,2017-06-26 05:59:43,aliens
599,924,apes,1498456822,2017-06-26 06:00:22,apes
599,924,Arthur C. Clarke,1498456786,2017-06-26 05:59:46,arthur c. clarke
599,924,artificial intelligence,1498456752,2017-06-26 05:59:12,artificial intelligence
599,924,atmospheric,1498456757,2017-06-26 05:59:17,atmospheric
599,924,cinematography,1498456766,2017-06-26 05:59:26,cinematography
599,924,classic,1498456774,2017-06-26 05:59:34,classic
599,924,computer,1498456793,2017-06-26 05:59:53,computer
599,924,confusing ending,1498456779,2017-06-26 05:59:39,confusing ending
599,924,cult film,1498456771,2017-06-26 05:59:31,cult film
599,924,Dull,1498456811,2017-06-26 06:00:11,dull
599,924,future,1498456770,2017-06-26 05:59:30,future
599,924,futuristic,1498456776,2017-06-26 05:59:36,futuristic
599,924,imdb top 250,1498456804,2017-06-26 06:00:04,imdb top 250
599,924,masterpiece,1498456762,2017-06-26 05:59:22,masterpiece
599,924,meditative,1498456768,2017-06-26 05:59:28,meditative
599,924,music,1498456773,2017-06-26 05:59:33,music
599,924,mystery,1498456802,2017-06-26 06:00:02,mystery
599,924,Oscar (Best Effects - Visual Effects),1498456791,2017-06-26 05:59:51,oscar (best effects - visual effects)
599,924,overrated,1498456813,2017-06-26 06:00:13,overrated
599,924,philosophical,1498456759,2017-06-26 05:59:19,philosophical
599,924,relaxing,1498456798,2017-06-26 05:59:58,relaxing
599,924,revolutionary,1498456794,2017-06-26 05:59:54,revolutionary
599,924,robots,1498456781,2017-06-26 05:59:41,robots
599,924,sci-fi,1498456751,2017-06-26 05:59:11,sci-fi
599,924,setting:space/space ship,1498456796,2017-06-26 05:59:56,setting:space/space ship
599,924,slow,1498456765,2017-06-26 05:59:25,slow
599,924,slow paced,1498456806,2017-06-26 06:00:06,slow paced
599,924,soundtrack,1498456785,2017-06-26 05:59:45,soundtrack
599,924,space,1498456756,2017-06-26 05:59:16,space
599,924,space travel,1498456790,2017-06-26 05:59:50,space travel
599,924,spacecraft,1498456788,2017-06-26 05:59:48,spacecraft
599,924,Stanley Kubrick,1498456754,2017-06-26 05:59:14,stanley kubrick
599,924,superb soundtrack,1498456825,2017-06-26 06:00:25,superb soundtrack
599,924,surreal,1498456763,2017-06-26 05:59:23,surreal
599,924,technology,1498456827,2017-06-26 06:00:27,technology
599,924,tedious,1498456814,2017-06-26 06:00:14,tedious
599,924,visual,1498456799,2017-06-26 05:59:59,visual
599,924,visually appealing,1498456760,2017-06-26 05:59:20,visually appealing
599,1732,black comedy,1498456261,2017-06-26 05:51:01,black comedy
599,1732,bowling,1498456271,2017-06-26 05:51:11,bowling
599,1732,classic,1498456304,2017-06-26 05:51:44,classic
599,1732,coen brothers,1498456256,2017-06-26 05:50:56,coen brothers
599,1732,comedy,1498456268,2017-06-26 05:51:08,comedy
599,1732,crime,1498456292,2017-06-26 05:51:32,crime
599,1732,Cult classic,1498456280,2017-06-26 05:51:20,cult classic
599,1732,cult film,1498456260,2017-06-26 05:51:00,cult film
599,1732,dark comedy,1498456258,2017-06-26 05:50:58,dark comedy
599,1732,deadpan,1498456303,2017-06-26 05:51:43,deadpan
599,1732,drugs,1498456286,2017-06-26 05:51:26,drugs
599,1732,funny,1498456291,2017-06-26 05:51:31,funny
599,1732,great dialogue,1498456264,2017-06-26 05:51:04,great dialogue
599,1732,great soundtrack,1498456283,2017-06-26 05:51:23,great soundtrack
599,1732,Highly quotable,1498456296,2017-06-26 05:51:36,highly quotable
599,1732,imdb top 250,1498456301,2017-06-26 05:51:41,imdb top 250
599,1732,Jeff Bridges,1498456269,2017-06-26 05:51:09,jeff bridges
599,1732,John Goodman,1498456278,2017-06-26 05:51:18,john goodman
599,1732,Julianne Moore,1498456294,2017-06-26 05:51:34,julianne moore
599,1732,kidnapping,1498456299,2017-06-26 05:51:39,kidnapping
599,1732,marijuana,1498456281,2017-06-26 05:51:21,marijuana
599,1732,Nudity (Full Frontal),1498456288,2017-06-26 05:51:28,nudity (full frontal)
599,1732,off-beat comedy,1498456273,2017-06-26 05:51:13,off-beat comedy
599,1732,Philip Seymour Hoffman,1498456275,2017-06-26 05:51:15,philip seymour hoffman
599,1732,quirky,1498456263,2017-06-26 05:51:03,quirky
599,1732,ransom,1498456308,2017-06-26 05:51:48,ransom
599,1732,rug,1498456306,2017-06-26 05:51:46,rug
599,1732,sarcasm,1498456285,2017-06-26 05:51:25,sarcasm
599,1732,satirical,1498456266,2017-06-26 05:51:06,satirical
599,1732,Steve Buscemi,1498456276,2017-06-26 05:51:16,steve buscemi
599,1732,violence,1498456297,2017-06-26 05:51:37,violence
599,2959,action,1498456930,2017-06-26 06:02:10,action
599,2959,atmospheric,1498456906,2017-06-26 06:01:46,atmospheric
599,2959,based on a book,1498456916,2017-06-26 06:01:56,based on a book
599,2959,Brad Pitt,1498456893,2017-06-26 06:01:33,brad pitt
599,2959,challenging,1498456963,2017-06-26 06:02:43,challenging
599,2959,Chuck Palahniuk,1498456949,2017-06-26 06:02:29,chuck palahniuk
599,2959,classic,1498456925,2017-06-26 06:02:05,classic
599,2959,clever,1498456960,2017-06-26 06:02:40,clever
599,2959,complicated,1498456923,2017-06-26 06:02:03,complicated
599,2959,consumerism,1498456965,2017-06-26 06:02:45,consumerism
599,2959,crime,1498456935,2017-06-26 06:02:15,crime
599,2959,dark,1498456928,2017-06-26 06:02:08,dark
599,2959,dark comedy,1498456891,2017-06-26 06:01:31,dark comedy
599,2959,David Fincher,1498456926,2017-06-26 06:02:06,david fincher
599,2959,disturbing,1498456908,2017-06-26 06:01:48,disturbing
599,2959,double life,1498456958,2017-06-26 06:02:38,double life
599,2959,Edward Norton,1498456896,2017-06-26 06:01:36,edward norton
599,2959,fighting,1498456937,2017-06-26 06:02:17,fighting
599,2959,great acting,1498456951,2017-06-26 06:02:31,great acting
599,2959,helena bonham carter,1498456939,2017-06-26 06:02:19,helena bonham carter
599,2959,imaginary friend,1498456945,2017-06-26 06:02:25,imaginary friend
599,2959,imdb top 250,1498456941,2017-06-26 06:02:21,imdb top 250
599,2959,mental illness,1498456903,2017-06-26 06:01:43,mental illness
599,2959,mind-blowing,1498456955,2017-06-26 06:02:35,mind-blowing
599,2959,mindfuck,1498456912,2017-06-26 06:01:52,mindfuck
599,2959,narrated,1498456934,2017-06-26 06:02:14,narrated
599,2959,Nudity (Topless),1498456962,2017-06-26 06:02:42,nudity (topless)
599,2959,Palahnuik,1498456948,2017-06-26 06:02:28,palahnuik
599,2959,philosophical,1498456911,2017-06-26 06:01:51,philosophical
599,2959,philosophy,1498456898,2017-06-26 06:01:38,philosophy
599,2959,postmodern,1498456954,2017-06-26 06:02:34,postmodern
599,2959,powerful ending,1498456921,2017-06-26 06:02:01,powerful ending
599,2959,psychological,1498456909,2017-06-26 06:01:49,psychological
599,2959,psychological thriller,1498456953,2017-06-26 06:02:33,psychological thriller
599,2959,psychology,1498456890,2017-06-26 06:01:30,psychology
599,2959,quirky,1498456918,2017-06-26 06:01:58,quirky
599,2959,satirical,1498456920,2017-06-26 06:02:00,satirical
599,2959,schizophrenia,1498456967,2017-06-26 06:02:47,schizophrenia
599,2959,social commentary,1498456894,2017-06-26 06:01:34,social commentary
599,2959,societal criticism,1498456946,2017-06-26 06:02:26,societal criticism
599,2959,stylized,1498456932,2017-06-26 06:02:12,stylized
599,2959,surreal,1498456900,2017-06-26 06:01:40,surreal
599,2959,TERRORISM,1498456966,2017-06-26 06:02:46,terrorism
599,2959,thought-provoking,1498456901,2017-06-26 06:01:41,thought-provoking
599,2959,twist,1498456943,2017-06-26 06:02:23,twist
599,2959,twist ending,1498456888,2017-06-26 06:01:28,twist ending
599,2959,violence,1498456904,2017-06-26 06:01:44,violence
599,2959,violent,1498456914,2017-06-26 06:01:54,violent
600,273,gothic,1237739064,2009-03-22 16:24:24,gothic
606,1357,music,1176765393,2007-04-16 23:16:33,music
606,1948,British,1177512649,2007-04-25 14:50:49,british
606,3578,Romans,1173212944,2007-03-06 20:29:04,romans
606,5694,70mm,1175638092,2007-04-03 22:08:12,70mm
606,6107,World War II,1178473747,2007-05-06 17:49:07,world war ii
606,7382,for katie,1171234019,2007-02-11 22:46:59,for katie
606,7936,austere,1173392334,2007-03-08 22:18:54,austere
610,3265,gun fu,1493843984,2017-05-03 20:39:44,gun fu
610,3265,heroic bloodshed,1493843978,2017-05-03 20:39:38,heroic bloodshed
610,168248,Heroic Bloodshed,1493844270,2017-05-03 20:44:30,heroic bloodshed
